"","Region","Country","Item.Type","Sales.Channel","Order.Priority","Order.Date","Order.ID","Ship.Date","Units.Sold","Unit.Price","Unit.Cost","Total.Revenue","Total.Cost","Total.Profit"
"2","North America","Canada","Vegetables","Online","M","11/7/2011",185941302,"12/8/2011",3018,154.06,90.93,464953.08,274426.74,190526.34
"3","Middle East and North Africa","Libya","Baby Food","Offline","C","10/31/2016",246222341,"12/9/2016",1517,255.28,159.42,387259.76,241840.14,145419.62
"4","Asia","Japan","Cereal","Offline","C","4/10/2010",161442649,"5/12/2010",3322,205.7,117.11,683335.4,389039.42,294295.98
"5","Sub-Saharan Africa","Chad","Fruits","Offline","H","8/16/2011",645713555,"8/31/2011",9845,9.33,6.92,91853.85,68127.4,23726.45
"6","Europe","Armenia","Cereal","Online","H","11/24/2014",683458888,"12/28/2014",9528,205.7,117.11,1959909.6,1115824.08,844085.52
"7","Sub-Saharan Africa","Eritrea","Cereal","Online","H","3/4/2015",679414975,"4/17/2015",2844,205.7,117.11,585010.8,333060.84,251949.96
"8","Europe","Montenegro","Clothes","Offline","M","5/17/2012",208630645,"6/28/2012",7299,109.28,35.84,797634.72,261596.16,536038.56
"9","Central America and the Caribbean","Jamaica","Vegetables","Online","H","1/29/2015",266467225,"3/7/2015",2428,154.06,90.93,374057.68,220778.04,153279.64
"10","Australia and Oceania","Fiji","Vegetables","Offline","H","12/24/2013",118598544,"1/19/2014",4800,154.06,90.93,739488,436464,303024
"11","Sub-Saharan Africa","Togo","Clothes","Online","M","12/29/2015",451010930,"1/19/2016",3012,109.28,35.84,329151.36,107950.08,221201.28
"12","Europe","Montenegro","Snacks","Offline","M","2/27/2010",220003211,"3/18/2010",2694,152.58,97.44,411050.52,262503.36,148547.16
"15","Asia","Maldives","Fruits","Offline","L","1/8/2011",714135205,"2/6/2011",7332,9.33,6.92,68407.56,50737.44,17670.12
"16","Europe","Montenegro","Clothes","Offline","H","6/28/2010",448685348,"7/22/2010",4820,109.28,35.84,526729.6,172748.8,353980.8
"18","North America","Greenland","Beverages","Online","M","7/27/2012",414244067,"8/7/2012",2880,47.45,31.79,136656,91555.2,45100.8
"19","Sub-Saharan Africa","Cape Verde","Clothes","Online","C","9/8/2014",821912801,"10/3/2014",1117,109.28,35.84,122065.76,40033.28,82032.48
"21","Australia and Oceania","Federated States of Micronesia","Snacks","Online","C","9/3/2012",531023156,"10/15/2012",407,152.58,97.44,62100.06,39658.08,22441.98
"22","Europe","Bulgaria","Clothes","Online","L","8/27/2010",880999934,"9/16/2010",6313,109.28,35.84,689884.64,226257.92,463626.72
"23","Middle East and North Africa","Algeria","Personal Care","Online","H","2/20/2011",127468717,"3/9/2011",9681,81.73,56.67,791228.13,548622.27,242605.86
"24","Asia","Mongolia","Clothes","Online","L","12/12/2015",770478332,"1/24/2016",515,109.28,35.84,56279.2,18457.6,37821.6
"25","Central America and the Caribbean","Grenada","Cereal","Online","H","10/28/2012",430390107,"11/13/2012",852,205.7,117.11,175256.4,99777.72,75478.68
"26","Central America and the Caribbean","Grenada","Beverages","Online","M","1/30/2017",397877871,"3/20/2017",9759,47.45,31.79,463064.55,310238.61,152825.94
"27","Sub-Saharan Africa","Senegal","Beverages","Offline","M","10/22/2014",683927953,"11/4/2014",8334,47.45,31.79,395448.3,264937.86,130510.44
"28","North America","Greenland","Fruits","Offline","M","1/31/2012",469839179,"2/22/2012",4709,9.33,6.92,43934.97,32586.28,11348.69
"30","Sub-Saharan Africa","Mauritius ","Personal Care","Online","C","1/1/2016",118002879,"1/7/2016",8529,81.73,56.67,697075.17,483338.43,213736.74
"31","Middle East and North Africa","Morocco","Beverages","Offline","C","6/1/2017",944415509,"6/23/2017",2391,47.45,31.79,113452.95,76009.89,37443.06
"33","Sub-Saharan Africa","Benin","Fruits","Online","L","1/28/2014",564646470,"3/16/2014",293,9.33,6.92,2733.69,2027.56,706.13
"34","Europe","Greece","Baby Food","Offline","M","4/8/2014",294499957,"4/8/2014",7937,255.28,159.42,2026157.36,1265316.54,760840.82
"35","Central America and the Caribbean","Jamaica","Beverages","Offline","L","9/4/2010",262056386,"10/24/2010",7163,47.45,31.79,339884.35,227711.77,112172.58
"38","Central America and the Caribbean","Trinidad and Tobago","Vegetables","Offline","M","3/6/2011",280494105,"4/14/2011",3294,154.06,90.93,507473.64,299523.42,207950.22
"39","Europe","Sweden","Baby Food","Online","L","8/7/2016",689975583,"8/12/2016",7963,255.28,159.42,2032794.64,1269461.46,763333.18
"42","Asia","Mongolia","Beverages","Online","M","8/3/2013",329110324,"9/2/2013",9913,47.45,31.79,470371.85,315134.27,155237.58
"44","Sub-Saharan Africa","Central African Republic","Snacks","Offline","L","11/15/2016",596628272,"12/30/2016",4419,152.58,97.44,674251.02,430587.36,243663.66
"46","Asia","Laos","Beverages","Online","M","3/22/2013",693473613,"4/21/2013",3107,47.45,31.79,147427.15,98771.53,48655.62
"49","Middle East and North Africa","Israel","Personal Care","Offline","H","8/26/2015",262749040,"8/30/2015",2135,81.73,56.67,174493.55,120990.45,53503.1
"51","Australia and Oceania","Vanuatu","Vegetables","Online","L","5/17/2012",366653096,"5/31/2012",9654,154.06,90.93,1487295.24,877838.22,609457.02
"52","Sub-Saharan Africa","Burundi","Vegetables","Online","M","11/17/2010",951380240,"12/20/2010",3410,154.06,90.93,525344.6,310071.3,215273.3
"54","Europe","Croatia","Beverages","Online","C","6/16/2016",681941401,"7/28/2016",470,47.45,31.79,22301.5,14941.3,7360.2
"55","Sub-Saharan Africa","Madagascar","Fruits","Online","L","5/31/2016",566935575,"6/7/2016",7690,9.33,6.92,71747.7,53214.8,18532.9
"56","Asia","Malaysia","Snacks","Offline","M","10/6/2012",175033080,"11/5/2012",5033,152.58,97.44,767935.14,490415.52,277519.62
"59","Asia","Nepal","Vegetables","Offline","C","6/2/2014",443121373,"6/19/2014",8316,154.06,90.93,1281162.96,756173.88,524989.08
"60","Australia and Oceania","Fiji","Personal Care","Offline","H","12/17/2016",600370490,"1/25/2017",1824,81.73,56.67,149075.52,103366.08,45709.44
"63","Europe","Belarus","Beverages","Offline","L","4/3/2013",248335492,"4/4/2013",6846,47.45,31.79,324842.7,217634.34,107208.36
"64","Sub-Saharan Africa","Botswana","Clothes","Offline","C","3/8/2015",680517470,"3/25/2015",9097,109.28,35.84,994120.16,326036.48,668083.68
"65","Sub-Saharan Africa","Tanzania","Personal Care","Online","M","6/21/2013",400304734,"7/29/2013",7921,81.73,56.67,647383.33,448883.07,198500.26
"67","Sub-Saharan Africa","Mali","Cereal","Online","L","3/17/2012",235702931,"4/3/2012",8590,205.7,117.11,1766963,1005974.9,760988.1
"69","Sub-Saharan Africa","Niger","Baby Food","Online","M","1/3/2016",123670709,"2/1/2016",5766,255.28,159.42,1471944.48,919215.72,552728.76
"71","Asia","India","Fruits","Online","H","7/29/2010",658348691,"8/22/2010",8862,9.33,6.92,82682.46,61325.04,21357.42
"72","Europe","Luxembourg","Baby Food","Offline","L","8/2/2013",817740142,"8/19/2013",6335,255.28,159.42,1617198.8,1009925.7,607273.1
"73","Sub-Saharan Africa","Cape Verde","Beverages","Offline","H","10/23/2013",858877503,"11/6/2013",9794,47.45,31.79,464725.3,311351.26,153374.04
"74","Europe","Sweden","Vegetables","Offline","M","2/5/2017",947434604,"2/19/2017",5808,154.06,90.93,894780.48,528121.44,366659.04
"76","Middle East and North Africa","Qatar","Personal Care","Offline","L","5/6/2012",481065833,"5/8/2012",6925,81.73,56.67,565980.25,392439.75,173540.5
"79","Middle East and North Africa","Tunisia ","Cereal","Online","L","4/9/2010",221975171,"5/17/2010",6241,205.7,117.11,1283773.7,730883.51,552890.19
"81","Sub-Saharan Africa","Liberia","Cereal","Online","L","2/8/2015",977313554,"3/29/2015",7653,205.7,117.11,1574222.1,896242.83,677979.27
"82","Sub-Saharan Africa","Eritrea","Snacks","Offline","L","1/25/2010",546986377,"2/10/2010",4279,152.58,97.44,652889.82,416945.76,235944.06
"83","Asia","South Korea","Fruits","Offline","L","3/7/2010",769205892,"3/17/2010",3972,9.33,6.92,37058.76,27486.24,9572.52
"84","Sub-Saharan Africa","Kenya","Clothes","Offline","M","1/3/2013",262770926,"2/8/2013",8611,109.28,35.84,941010.08,308618.24,632391.84
"85","Sub-Saharan Africa","Rwanda","Snacks","Online","M","3/6/2017",866792809,"3/18/2017",2109,152.58,97.44,321791.22,205500.96,116290.26
"86","Central America and the Caribbean","Cuba","Beverages","Offline","C","1/9/2011",890695369,"2/23/2011",5408,47.45,31.79,256609.6,171920.32,84689.28
"87","Middle East and North Africa","Libya","Cereal","Offline","M","3/27/2014",964214932,"3/31/2014",1480,205.7,117.11,304436,173322.8,131113.2
"88","Europe","Czech Republic","Snacks","Online","C","6/28/2013",887400329,"8/17/2013",332,152.58,97.44,50656.56,32350.08,18306.48
"89","Europe","Montenegro","Beverages","Offline","M","9/4/2011",980612885,"9/4/2011",3999,47.45,31.79,189752.55,127128.21,62624.34
"90","Europe","Montenegro","Clothes","Offline","M","7/14/2016",734526431,"8/2/2016",1549,109.28,35.84,169274.72,55516.16,113758.56
"91","Asia","Philippines","Baby Food","Online","L","2/23/2014",160127294,"3/23/2014",4079,255.28,159.42,1041287.12,650274.18,391012.94
"92","Central America and the Caribbean","El Salvador","Clothes","Offline","L","8/7/2010",238714301,"9/13/2010",9721,109.28,35.84,1062310.88,348400.64,713910.24
"94","Sub-Saharan Africa","Democratic Republic of the Congo","Personal Care","Offline","H","9/30/2010",331604564,"11/17/2010",8014,81.73,56.67,654984.22,454153.38,200830.84
"95","Middle East and North Africa","Afghanistan","Cereal","Online","M","10/13/2016",410067975,"11/20/2016",7081,205.7,117.11,1456561.7,829255.91,627305.79
"96","Australia and Oceania","Tuvalu","Snacks","Offline","L","3/16/2011",369837844,"3/23/2011",2091,152.58,97.44,319044.78,203747.04,115297.74
"97","Sub-Saharan Africa","Sudan","Fruits","Online","L","12/26/2012",193775498,"1/31/2013",1331,9.33,6.92,12418.23,9210.52,3207.71
"98","Sub-Saharan Africa","Niger","Clothes","Online","M","9/2/2015",835054767,"10/9/2015",117,109.28,35.84,12785.76,4193.28,8592.48
"100","Australia and Oceania","East Timor","Vegetables","Offline","C","8/4/2014",633895957,"8/22/2014",2755,154.06,90.93,424435.3,250512.15,173923.15
"101","North America","United States of America","Clothes","Offline","C","10/21/2010",699368035,"12/7/2010",7398,109.28,35.84,808453.44,265144.32,543309.12
"102","Middle East and North Africa","Jordan","Vegetables","Offline","L","6/13/2015",698002040,"7/29/2015",3170,154.06,90.93,488370.2,288248.1,200122.1
"103","Europe","Cyprus","Snacks","Offline","H","3/29/2012",584534299,"5/18/2012",5544,152.58,97.44,845903.52,540207.36,305696.16
"104","Sub-Saharan Africa","Malawi","Vegetables","Online","L","6/22/2012",384013640,"7/19/2012",7025,154.06,90.93,1082271.5,638783.25,443488.25
"105","Europe","Iceland","Personal Care","Online","M","5/10/2013",641801393,"5/24/2013",2149,81.73,56.67,175637.77,121783.83,53853.94
"106","Middle East and North Africa","Israel","Personal Care","Online","M","12/10/2016",173571383,"1/11/2017",2484,81.73,56.67,203017.32,140768.28,62249.04
"107","Middle East and North Africa","United Arab Emirates","Snacks","Offline","H","3/20/2011",115309941,"4/6/2011",1629,152.58,97.44,248552.82,158729.76,89823.06
"109","Sub-Saharan Africa","Kenya","Beverages","Online","M","5/11/2012",274200570,"6/26/2012",897,47.45,31.79,42562.65,28515.63,14047.02
"110","Middle East and North Africa","Somalia","Clothes","Offline","M","11/15/2011",414887797,"11/17/2011",3374,109.28,35.84,368710.72,120924.16,247786.56
"111","Australia and Oceania","Tonga","Beverages","Offline","L","1/27/2010",812613904,"1/29/2010",9367,47.45,31.79,444464.15,297776.93,146687.22
"112","Asia","Bangladesh","Baby Food","Online","H","8/17/2011",254927718,"9/7/2011",7632,255.28,159.42,1948296.96,1216693.44,731603.52
"113","Middle East and North Africa","Egypt","Beverages","Offline","M","9/6/2014",749690568,"10/26/2014",8954,47.45,31.79,424867.3,284647.66,140219.64
"114","Sub-Saharan Africa","Eritrea","Cereal","Offline","C","9/3/2014",775076282,"9/19/2014",1150,205.7,117.11,236555,134676.5,101878.5
"116","Asia","Vietnam","Baby Food","Online","C","6/20/2011",881974112,"7/11/2011",4594,255.28,159.42,1172756.32,732375.48,440380.84
"117","Australia and Oceania","Marshall Islands","Snacks","Online","L","1/12/2012",521396386,"2/14/2012",1632,152.58,97.44,249010.56,159022.08,89988.48
"119","Europe","Ireland","Vegetables","Online","M","3/4/2012",419306790,"3/12/2012",1052,154.06,90.93,162071.12,95658.36,66412.76
"121","Europe","Sweden","Snacks","Online","M","4/12/2011",742443025,"4/15/2011",4245,152.58,97.44,647702.1,413632.8,234069.3
"122","Sub-Saharan Africa","Gabon","Snacks","Offline","M","10/3/2010",164569461,"10/5/2010",8615,152.58,97.44,1314476.7,839445.6,475031.1
"123","Sub-Saharan Africa","South Africa","Baby Food","Online","L","12/29/2013",734945714,"2/12/2014",5624,255.28,159.42,1435694.72,896578.08,539116.64
"124","Europe","United Kingdom","Clothes","Offline","C","9/19/2015",284870612,"10/7/2015",8399,109.28,35.84,917842.72,301020.16,616822.56
"125","Europe","Albania","Fruits","Offline","M","9/17/2011",765955483,"10/7/2011",2104,9.33,6.92,19630.32,14559.68,5070.64
"126","Asia","Malaysia","Snacks","Offline","H","3/11/2010",600124156,"4/21/2010",8929,152.58,97.44,1362386.82,870041.76,492345.06
"128","Central America and the Caribbean","Cuba","Clothes","Offline","H","2/16/2011",466970717,"3/18/2011",5867,109.28,35.84,641145.76,210273.28,430872.48
"130","Europe","Romania","Snacks","Offline","L","8/28/2014",367050921,"8/31/2014",7379,152.58,97.44,1125887.82,719009.76,406878.06
"132","Europe","Macedonia","Beverages","Online","C","3/20/2011",107005393,"5/4/2011",4129,47.45,31.79,195921.05,131260.91,64660.14
"133","Asia","China","Beverages","Offline","C","4/16/2013",332877862,"5/7/2013",4811,47.45,31.79,228281.95,152941.69,75340.26
"134","Europe","Germany","Baby Food","Online","L","11/13/2015",618474757,"12/31/2015",9279,255.28,159.42,2368743.12,1479258.18,889484.94
"138","Asia","Uzbekistan","Personal Care","Offline","H","2/12/2013",707520663,"3/15/2013",9942,81.73,56.67,812559.66,563413.14,249146.52
"141","Europe","Norway","Personal Care","Online","H","2/3/2011",347163522,"3/22/2011",2256,81.73,56.67,184382.88,127847.52,56535.36
"142","Middle East and North Africa","Oman","Snacks","Offline","M","4/9/2013",887313640,"4/21/2013",4679,152.58,97.44,713921.82,455921.76,258000.06
"144","Sub-Saharan Africa","Democratic Republic of the Congo","Fruits","Offline","H","4/15/2017",105966842,"5/19/2017",6798,9.33,6.92,63425.34,47042.16,16383.18
"145","Europe","Bulgaria","Baby Food","Online","M","5/16/2014",479880082,"5/23/2014",6035,255.28,159.42,1540614.8,962099.7,578515.1
"146","Asia","Brunei","Baby Food","Online","H","8/12/2015",510978686,"9/30/2015",8803,255.28,159.42,2247229.84,1403374.26,843855.58
"147","Europe","Serbia","Snacks","Offline","C","9/20/2013",547748982,"10/14/2013",9951,152.58,97.44,1518323.58,969625.44,548698.14
"148","Sub-Saharan Africa","Ghana","Cereal","Offline","M","10/31/2013",108989799,"12/9/2013",1358,205.7,117.11,279340.6,159035.38,120305.22
"149","Sub-Saharan Africa","Malawi","Cereal","Offline","M","7/30/2014",133812463,"8/9/2014",6936,205.7,117.11,1426735.2,812274.96,614460.24
"150","Sub-Saharan Africa","Zimbabwe","Fruits","Offline","L","11/12/2011",731640803,"12/30/2011",7627,9.33,6.92,71159.91,52778.84,18381.07
"151","Europe","Cyprus","Snacks","Offline","C","3/25/2010",732211148,"4/14/2010",6405,152.58,97.44,977274.9,624103.2,353171.7
"152","Central America and the Caribbean","Nicaragua","Cereal","Online","M","7/4/2011",835572326,"8/8/2011",3274,205.7,117.11,673461.8,383418.14,290043.66
"153","Europe","Estonia","Baby Food","Offline","C","1/1/2011",462085664,"1/15/2011",271,255.28,159.42,69180.88,43202.82,25978.06
"154","Europe","Estonia","Clothes","Online","C","6/16/2016",902424991,"7/4/2016",6463,109.28,35.84,706276.64,231633.92,474642.72
"155","Europe","Lithuania","Fruits","Offline","H","12/17/2013",367576634,"1/5/2014",2949,9.33,6.92,27514.17,20407.08,7107.09
"157","Europe","Czech Republic","Baby Food","Online","C","7/2/2010",817824685,"7/27/2010",1353,255.28,159.42,345393.84,215695.26,129698.58
"158","Sub-Saharan Africa","Cameroon","Snacks","Online","C","7/16/2013",376456248,"8/1/2013",624,152.58,97.44,95209.92,60802.56,34407.36
"163","Australia and Oceania","Marshall Islands","Personal Care","Offline","L","7/9/2017",803517568,"7/21/2017",7559,81.73,56.67,617797.07,428368.53,189428.54
"165","Europe","Albania","Vegetables","Online","H","11/24/2015",824200189,"11/26/2015",8006,154.06,90.93,1233404.36,727985.58,505418.78
"167","Middle East and North Africa","Lebanon","Clothes","Offline","H","12/6/2015",310343015,"12/28/2015",6249,109.28,35.84,682890.72,223964.16,458926.56
"168","Europe","Hungary","Vegetables","Online","C","5/25/2014",739998137,"7/9/2014",748,154.06,90.93,115236.88,68015.64,47221.24
"169","Asia","Japan","Beverages","Online","H","10/18/2012",981086671,"11/21/2012",4203,47.45,31.79,199432.35,133613.37,65818.98
"173","Sub-Saharan Africa","Swaziland","Personal Care","Online","H","7/6/2017",377938973,"7/11/2017",9396,81.73,56.67,767935.08,532471.32,235463.76
"174","Europe","Romania","Clothes","Offline","C","12/31/2010",867551982,"1/3/2011",6765,109.28,35.84,739279.2,242457.6,496821.6
"175","Sub-Saharan Africa","Ethiopia","Personal Care","Offline","C","1/13/2010",967328870,"1/15/2010",2964,81.73,56.67,242247.72,167969.88,74277.84
"178","North America","Mexico","Clothes","Online","H","11/18/2012",654693591,"12/1/2012",7237,109.28,35.84,790859.36,259374.08,531485.28
"179","Sub-Saharan Africa","Nigeria","Personal Care","Offline","H","11/18/2011",823739278,"12/29/2011",1612,81.73,56.67,131748.76,91352.04,40396.72
"180","Central America and the Caribbean","Trinidad and Tobago","Beverages","Offline","L","7/12/2012",643817985,"8/19/2012",8904,47.45,31.79,422494.8,283058.16,139436.64
"181","Europe","Moldova ","Personal Care","Offline","H","3/30/2017",604041039,"5/15/2017",8022,81.73,56.67,655638.06,454606.74,201031.32
"182","Australia and Oceania","Solomon Islands","Personal Care","Online","H","7/26/2010",363832271,"9/12/2010",4909,81.73,56.67,401212.57,278193.03,123019.54
"183","Asia","India","Personal Care","Online","L","12/24/2015",102928006,"1/31/2016",7539,81.73,56.67,616162.47,427235.13,188927.34
"187","Sub-Saharan Africa","Comoros","Snacks","Offline","L","1/16/2014",858020055,"1/17/2014",6056,152.58,97.44,924024.48,590096.64,333927.84
"188","Middle East and North Africa","Iran","Baby Food","Offline","H","12/11/2014",700620734,"1/5/2015",8099,255.28,159.42,2067512.72,1291142.58,776370.14
"191","Europe","Belarus","Personal Care","Offline","H","12/8/2012",642140424,"1/16/2013",2476,81.73,56.67,202363.48,140314.92,62048.56
"192","North America","United States of America","Baby Food","Offline","C","2/13/2015",984673964,"3/5/2015",5763,255.28,159.42,1471178.64,918737.46,552441.18
"193","Europe","Poland","Beverages","Online","L","3/28/2012",221062791,"4/18/2012",6247,47.45,31.79,296420.15,198592.13,97828.02
"194","North America","Canada","Vegetables","Offline","L","10/7/2016",654480731,"11/8/2016",4247,154.06,90.93,654292.82,386179.71,268113.11
"195","Middle East and North Africa","Israel","Beverages","Offline","C","12/15/2011",608414113,"12/23/2011",2111,47.45,31.79,100166.95,67108.69,33058.26
"197","Europe","Andorra","Baby Food","Online","L","1/18/2011",373335015,"2/28/2011",6982,255.28,159.42,1782364.96,1113070.44,669294.52
"198","Europe","Slovakia","Clothes","Online","L","4/11/2013",782857692,"5/28/2013",3843,109.28,35.84,419963.04,137733.12,282229.92
"199","Sub-Saharan Africa","Liberia","Fruits","Online","H","5/18/2010",109966123,"6/5/2010",274,9.33,6.92,2556.42,1896.08,660.34
"200","Central America and the Caribbean","Antigua and Barbuda ","Cereal","Offline","M","6/5/2017",629709136,"6/6/2017",3782,205.7,117.11,777957.4,442910.02,335047.38
"201","Asia","China","Personal Care","Online","L","9/11/2012",637448060,"9/15/2012",3901,81.73,56.67,318828.73,221069.67,97759.06
"202","Sub-Saharan Africa","Niger","Baby Food","Online","H","3/8/2017",298856723,"4/3/2017",7200,255.28,159.42,1838016,1147824,690192
"204","Asia","Bangladesh","Personal Care","Offline","M","7/26/2010",496941077,"7/29/2010",4763,81.73,56.67,389279.99,269919.21,119360.78
"205","Asia","Myanmar","Snacks","Online","L","6/24/2016",366526925,"7/14/2016",2317,152.58,97.44,353527.86,225768.48,127759.38
"207","Sub-Saharan Africa","Guinea-Bissau","Vegetables","Online","C","3/11/2010",531405103,"4/19/2010",3434,154.06,90.93,529042.04,312253.62,216788.42
"208","Australia and Oceania","Nauru","Vegetables","Offline","M","1/14/2010",131482589,"1/20/2010",7475,154.06,90.93,1151598.5,679701.75,471896.75
"209","Sub-Saharan Africa","Swaziland","Cereal","Online","L","2/10/2014",713696610,"3/28/2014",7542,205.7,117.11,1551389.4,883243.62,668145.78
"210","Europe","Finland","Vegetables","Online","C","1/21/2014",306220996,"1/30/2014",6452,154.06,90.93,993995.12,586680.36,407314.76
"212","Sub-Saharan Africa","Mauritius ","Personal Care","Online","L","2/18/2015",686458671,"3/8/2015",7230,81.73,56.67,590907.9,409724.1,181183.8
"214","Europe","Bulgaria","Clothes","Online","L","3/5/2013",403836238,"4/3/2013",2972,109.28,35.84,324780.16,106516.48,218263.68
"217","Europe","Belgium","Fruits","Offline","L","10/19/2010",674808442,"10/24/2010",9669,9.33,6.92,90211.77,66909.48,23302.29
"218","Europe","Belgium","Baby Food","Offline","L","11/8/2016",901573550,"12/23/2016",4503,255.28,159.42,1149525.84,717868.26,431657.58
"219","Sub-Saharan Africa","Guinea-Bissau","Clothes","Online","L","3/31/2014",406275975,"5/10/2014",4944,109.28,35.84,540280.32,177192.96,363087.36
"220","Sub-Saharan Africa","Togo","Vegetables","Online","C","8/18/2016",170214545,"8/19/2016",9121,154.06,90.93,1405181.26,829372.53,575808.73
"221","Sub-Saharan Africa","Cote d'Ivoire","Personal Care","Offline","C","1/3/2016",795000588,"1/8/2016",7196,81.73,56.67,588129.08,407797.32,180331.76
"222","Sub-Saharan Africa","Republic of the Congo","Fruits","Offline","C","10/21/2016",252557933,"11/4/2016",6360,9.33,6.92,59338.8,44011.2,15327.6
"223","Middle East and North Africa","Libya","Baby Food","Offline","M","12/10/2016",635122907,"12/13/2016",5837,255.28,159.42,1490069.36,930534.54,559534.82
"224","Australia and Oceania","East Timor","Vegetables","Online","C","8/12/2011",505244338,"9/19/2011",1882,154.06,90.93,289940.92,171130.26,118810.66
"225","Europe","Switzerland","Clothes","Offline","H","3/23/2012",745783555,"5/9/2012",2782,109.28,35.84,304016.96,99706.88,204310.08
"226","Australia and Oceania","Palau","Snacks","Offline","M","4/27/2012",509914386,"6/11/2012",3853,152.58,97.44,587890.74,375436.32,212454.42
"229","Asia","South Korea","Baby Food","Online","L","11/21/2013",780282342,"12/27/2013",1739,255.28,159.42,443931.92,277231.38,166700.54
"230","Europe","Norway","Clothes","Online","H","4/7/2010",126767909,"5/22/2010",2296,109.28,35.84,250906.88,82288.64,168618.24
"231","Middle East and North Africa","Afghanistan","Baby Food","Online","M","7/8/2012",767401731,"7/30/2012",80,255.28,159.42,20422.4,12753.6,7668.8
"232","Asia","Bangladesh","Personal Care","Online","L","10/15/2016",927232635,"11/24/2016",7597,81.73,56.67,620902.81,430521.99,190380.82
"236","Sub-Saharan Africa","Seychelles ","Vegetables","Offline","L","6/1/2010",620441138,"6/22/2010",1175,154.06,90.93,181020.5,106842.75,74177.75
"238","Sub-Saharan Africa","Ghana","Baby Food","Offline","L","8/6/2010",251466166,"9/8/2010",3282,255.28,159.42,837828.96,523216.44,314612.52
"240","Europe","Romania","Cereal","Online","C","4/8/2012",305959212,"4/23/2012",8985,205.7,117.11,1848214.5,1052233.35,795981.15
"241","Europe","Czech Republic","Cereal","Online","L","2/27/2014",317323625,"3/24/2014",1967,205.7,117.11,404611.9,230355.37,174256.53
"243","Sub-Saharan Africa","Seychelles ","Baby Food","Online","M","2/18/2016",349157369,"4/5/2016",2279,255.28,159.42,581783.12,363318.18,218464.94
"244","Middle East and North Africa","Somalia","Baby Food","Online","L","1/24/2014",236911857,"2/25/2014",6338,255.28,159.42,1617964.64,1010403.96,607560.68
"245","Australia and Oceania","Solomon Islands","Personal Care","Offline","H","5/10/2015",517935693,"6/16/2015",7536,81.73,56.67,615917.28,427065.12,188852.16
"246","Sub-Saharan Africa","Uganda","Clothes","Offline","C","2/13/2012",851652705,"3/27/2012",1816,109.28,35.84,198452.48,65085.44,133367.04
"247","Sub-Saharan Africa","Equatorial Guinea","Cereal","Offline","M","9/7/2012",517799222,"10/23/2012",7151,205.7,117.11,1470960.7,837453.61,633507.09
"249","Europe","Moldova ","Fruits","Offline","C","11/16/2010",267888581,"12/22/2010",3039,9.33,6.92,28353.87,21029.88,7323.99
"250","Sub-Saharan Africa","Burkina Faso","Vegetables","Online","L","7/20/2011",162866580,"7/26/2011",4695,154.06,90.93,723311.7,426916.35,296395.35
"251","Central America and the Caribbean","Guatemala","Beverages","Offline","H","7/26/2014",812344396,"8/30/2014",9614,47.45,31.79,456184.3,305629.06,150555.24
"253","Asia","Maldives","Vegetables","Online","H","2/25/2015",720307290,"3/28/2015",3789,154.06,90.93,583733.34,344533.77,239199.57
"257","Europe","Denmark","Beverages","Online","C","5/1/2012",328316819,"5/30/2012",5098,47.45,31.79,241900.1,162065.42,79834.68
"258","Sub-Saharan Africa","Angola","Cereal","Offline","C","10/13/2011",773160541,"11/21/2011",4240,205.7,117.11,872168,496546.4,375621.6
"261","Central America and the Caribbean","El Salvador","Fruits","Online","C","11/6/2016",245042169,"12/15/2016",2278,9.33,6.92,21253.74,15763.76,5489.98
"263","Middle East and North Africa","Yemen","Baby Food","Online","C","10/11/2014",482649838,"11/13/2014",5668,255.28,159.42,1446927.04,903592.56,543334.48
"264","Sub-Saharan Africa","Republic of the Congo","Beverages","Online","L","6/25/2012",732568633,"7/5/2012",2193,47.45,31.79,104057.85,69715.47,34342.38
"267","Middle East and North Africa","Israel","Baby Food","Offline","M","9/19/2015",212058293,"10/6/2015",1616,255.28,159.42,412532.48,257622.72,154909.76
"268","Australia and Oceania","Solomon Islands","Snacks","Offline","L","3/4/2014",251753699,"3/24/2014",8369,152.58,97.44,1276942.02,815475.36,461466.66
"269","Sub-Saharan Africa","Liberia","Fruits","Online","M","10/8/2014",217140328,"10/30/2014",5503,9.33,6.92,51342.99,38080.76,13262.23
"270","Sub-Saharan Africa","Mali","Vegetables","Online","C","6/19/2012",555142009,"7/10/2012",7712,154.06,90.93,1188110.72,701252.16,486858.56
"271","Asia","Uzbekistan","Clothes","Online","C","11/11/2010",432995069,"12/13/2010",1718,109.28,35.84,187743.04,61573.12,126169.92
"272","Middle East and North Africa","Tunisia ","Personal Care","Offline","H","11/1/2010",888248336,"11/7/2010",1276,81.73,56.67,104287.48,72310.92,31976.56
"273","Europe","Vatican City","Vegetables","Online","C","4/28/2014",778763139,"5/9/2014",2173,154.06,90.93,334772.38,197590.89,137181.49
"274","Sub-Saharan Africa","Djibouti","Snacks","Offline","H","12/22/2012",832713305,"2/9/2013",7227,152.58,97.44,1102695.66,704198.88,398496.78
"276","Australia and Oceania","East Timor","Fruits","Offline","M","11/26/2016",195177543,"12/23/2016",6227,9.33,6.92,58097.91,43090.84,15007.07
"277","Sub-Saharan Africa","Uganda","Cereal","Online","C","10/20/2010",861601769,"12/2/2010",5965,205.7,117.11,1227000.5,698561.15,528439.35
"279","Sub-Saharan Africa","Equatorial Guinea","Clothes","Offline","H","3/20/2011",661953580,"4/24/2011",5629,109.28,35.84,615137.12,201743.36,413393.76
"283","Middle East and North Africa","Libya","Vegetables","Online","C","1/2/2015",276225316,"2/9/2015",64,154.06,90.93,9859.84,5819.52,4040.32
"285","Middle East and North Africa","Jordan","Vegetables","Online","C","6/1/2014",603426492,"6/15/2014",6163,154.06,90.93,949471.78,560401.59,389070.19
"286","Sub-Saharan Africa","Mali","Beverages","Offline","H","12/21/2012",859909617,"1/29/2013",5220,47.45,31.79,247689,165943.8,81745.2
"288","Europe","Slovakia","Vegetables","Online","M","4/24/2016",769822585,"5/15/2016",6465,154.06,90.93,995997.9,587862.45,408135.45
"289","Sub-Saharan Africa","Zimbabwe","Vegetables","Offline","C","7/22/2012",768662583,"8/10/2012",3195,154.06,90.93,492221.7,290521.35,201700.35
"290","Central America and the Caribbean","Honduras","Cereal","Online","M","2/22/2015",544219195,"3/9/2015",5409,205.7,117.11,1112631.3,633447.99,479183.31
"291","Europe","Switzerland","Beverages","Offline","L","2/10/2011",669978749,"3/20/2011",455,47.45,31.79,21589.75,14464.45,7125.3
"293","Sub-Saharan Africa","Uganda","Beverages","Online","M","5/10/2012",567614495,"6/28/2012",8598,47.45,31.79,407975.1,273330.42,134644.68
"294","Middle East and North Africa","Iran","Vegetables","Offline","M","12/16/2015",938025844,"1/21/2016",1547,154.06,90.93,238330.82,140668.71,97662.11
"295","Middle East and North Africa","Algeria","Vegetables","Online","C","2/25/2017",155710446,"2/25/2017",7036,154.06,90.93,1083966.16,639783.48,444182.68
"296","Sub-Saharan Africa","Central African Republic","Baby Food","Online","L","1/31/2012",945717132,"2/13/2012",7570,255.28,159.42,1932469.6,1206809.4,725660.2
"299","Sub-Saharan Africa","Benin","Cereal","Online","M","6/5/2012",104845464,"7/24/2012",4957,205.7,117.11,1019654.9,580514.27,439140.63
"304","Europe","Belgium","Beverages","Offline","M","4/21/2013",978349959,"5/21/2013",4349,47.45,31.79,206360.05,138254.71,68105.34
"305","Europe","Slovenia","Beverages","Offline","L","8/10/2014",298015153,"8/14/2014",8161,47.45,31.79,387239.45,259438.19,127801.26
"306","Europe","Czech Republic","Snacks","Online","M","9/19/2010",807678210,"10/30/2010",8786,152.58,97.44,1340567.88,856107.84,484460.04
"307","Australia and Oceania","Marshall Islands","Personal Care","Offline","C","4/13/2013",605825459,"5/14/2013",6071,81.73,56.67,496182.83,344043.57,152139.26
"308","Sub-Saharan Africa","Sudan","Fruits","Online","C","1/28/2016",561255729,"2/1/2016",6897,9.33,6.92,64349.01,47727.24,16621.77
"309","Central America and the Caribbean","Dominican Republic","Clothes","Online","H","12/9/2013",263080346,"12/14/2013",175,109.28,35.84,19124,6272,12852
"310","Sub-Saharan Africa","Tanzania","Cereal","Offline","C","2/21/2014",270723140,"3/9/2014",1848,205.7,117.11,380133.6,216419.28,163714.32
"311","Europe","Switzerland","Clothes","Offline","H","6/9/2017",763920438,"7/10/2017",9888,109.28,35.84,1080560.64,354385.92,726174.72
"313","Australia and Oceania","Tonga","Fruits","Offline","L","5/20/2011",227486360,"6/8/2011",7124,9.33,6.92,66466.92,49298.08,17168.84
"314","Middle East and North Africa","Saudi Arabia","Vegetables","Online","M","8/28/2012",808890140,"9/22/2012",7422,154.06,90.93,1143433.32,674882.46,468550.86
"318","Sub-Saharan Africa","Ethiopia","Beverages","Online","C","2/15/2013",875304210,"3/12/2013",822,47.45,31.79,39003.9,26131.38,12872.52
"319","North America","Greenland","Baby Food","Offline","C","7/8/2014",360945355,"8/16/2014",607,255.28,159.42,154954.96,96767.94,58187.02
"320","Sub-Saharan Africa","Benin","Cereal","Offline","C","12/12/2016",613830459,"1/16/2017",4928,205.7,117.11,1013689.6,577118.08,436571.52
"321","Middle East and North Africa","Yemen","Cereal","Offline","H","11/24/2012",266820847,"12/10/2012",7073,205.7,117.11,1454916.1,828319.03,626597.07
"322","Sub-Saharan Africa","Rwanda","Baby Food","Offline","M","11/3/2014",723090350,"11/27/2014",7358,255.28,159.42,1878350.24,1173012.36,705337.88
"324","Australia and Oceania","New Zealand","Personal Care","Online","L","5/23/2012",109724509,"6/16/2012",8775,81.73,56.67,717180.75,497279.25,219901.5
"325","Australia and Oceania","Samoa ","Clothes","Offline","M","7/22/2015",847999322,"8/6/2015",699,109.28,35.84,76386.72,25052.16,51334.56
"326","Australia and Oceania","Fiji","Clothes","Online","H","2/1/2017",605373561,"3/2/2017",2344,109.28,35.84,256152.32,84008.96,172143.36
"327","Sub-Saharan Africa","Malawi","Beverages","Online","H","1/28/2012",686583554,"2/22/2012",4186,47.45,31.79,198625.7,133072.94,65552.76
"328","Australia and Oceania","Marshall Islands","Beverages","Offline","M","8/3/2015",666678130,"9/21/2015",3729,47.45,31.79,176941.05,118544.91,58396.14
"329","Central America and the Caribbean","Grenada","Baby Food","Online","M","6/23/2013",641018617,"6/30/2013",508,255.28,159.42,129682.24,80985.36,48696.88
"332","Asia","China","Vegetables","Online","H","9/5/2010",737816321,"9/21/2010",5100,154.06,90.93,785706,463743,321963
"333","North America","United States of America","Beverages","Online","L","7/13/2013",799003732,"7/14/2013",1815,47.45,31.79,86121.75,57698.85,28422.9
"334","Sub-Saharan Africa","Central African Republic","Vegetables","Online","L","10/9/2012",585931193,"11/21/2012",8916,154.06,90.93,1373598.96,810731.88,562867.08
"335","Central America and the Caribbean","Antigua and Barbuda ","Vegetables","Online","M","1/3/2012",165835034,"1/5/2012",3127,154.06,90.93,481745.62,284338.11,197407.51
"336","Central America and the Caribbean","Guatemala","Baby Food","Offline","H","2/8/2012",576264083,"3/14/2012",8203,255.28,159.42,2094061.84,1307722.26,786339.58
"337","Middle East and North Africa","Qatar","Clothes","Offline","L","1/3/2015",675079667,"1/7/2015",9930,109.28,35.84,1085150.4,355891.2,729259.2
"338","Middle East and North Africa","Israel","Personal Care","Online","L","5/13/2012",290455615,"5/28/2012",1126,81.73,56.67,92027.98,63810.42,28217.56
"339","Asia","Thailand","Snacks","Offline","L","1/13/2012",670878255,"2/15/2012",6639,152.58,97.44,1012978.62,646904.16,366074.46
"340","Asia","Singapore","Cereal","Online","M","7/30/2011",435146415,"8/12/2011",8349,205.7,117.11,1717389.3,977751.39,739637.91
"341","Asia","North Korea","Snacks","Online","C","3/13/2017",522371423,"4/8/2017",167,152.58,97.44,25480.86,16272.48,9208.38
"343","Asia","Japan","Baby Food","Offline","L","3/16/2016",823699796,"4/19/2016",9929,255.28,159.42,2534675.12,1582881.18,951793.94
"344","Sub-Saharan Africa","Zimbabwe","Beverages","Offline","L","12/18/2015",567588317,"12/26/2015",851,47.45,31.79,40379.95,27053.29,13326.66
"345","Europe","Lithuania","Fruits","Offline","H","10/25/2011",594003999,"11/16/2011",7838,9.33,6.92,73128.54,54238.96,18889.58
"346","Europe","Luxembourg","Baby Food","Offline","H","6/30/2011",393620669,"8/2/2011",9958,255.28,159.42,2542078.24,1587504.36,954573.88
"349","Sub-Saharan Africa","Democratic Republic of the Congo","Fruits","Offline","M","4/18/2013",243102395,"4/18/2013",8256,9.33,6.92,77028.48,57131.52,19896.96
"351","Europe","Ukraine","Personal Care","Offline","M","6/3/2011",185177838,"7/4/2011",7092,81.73,56.67,579629.16,401903.64,177725.52
"352","Asia","Taiwan","Personal Care","Offline","H","11/30/2013",865650832,"12/31/2013",4173,81.73,56.67,341059.29,236483.91,104575.38
"353","Europe","Italy","Cereal","Offline","C","5/11/2013",622791612,"5/31/2013",6733,205.7,117.11,1384978.1,788501.63,596476.47
"354","Europe","Finland","Personal Care","Online","L","11/13/2010",409774005,"11/27/2010",89,81.73,56.67,7273.97,5043.63,2230.34
"356","Europe","Croatia","Snacks","Offline","M","8/19/2013",637521445,"9/12/2013",5618,152.58,97.44,857194.44,547417.92,309776.52
"357","Sub-Saharan Africa","Mauritania","Beverages","Online","L","4/19/2011",186196649,"5/28/2011",8581,47.45,31.79,407168.45,272789.99,134378.46
"358","Australia and Oceania","New Zealand","Baby Food","Offline","L","7/20/2014",680533778,"7/25/2014",3923,255.28,159.42,1001463.44,625404.66,376058.78
"359","Middle East and North Africa","Pakistan","Beverages","Online","L","9/8/2014",275269162,"9/15/2014",7117,47.45,31.79,337701.65,226249.43,111452.22
"361","Europe","Lithuania","Cereal","Offline","M","12/19/2013",986442506,"1/1/2014",9113,205.7,117.11,1874544.1,1067223.43,807320.67
"362","Middle East and North Africa","Pakistan","Cereal","Offline","M","5/18/2012",563915622,"6/10/2012",4019,205.7,117.11,826708.3,470665.09,356043.21
"364","Australia and Oceania","Marshall Islands","Fruits","Online","L","1/2/2011",692566382,"1/14/2011",4638,9.33,6.92,43272.54,32094.96,11177.58
"366","North America","Greenland","Baby Food","Offline","H","3/19/2011",313044536,"4/14/2011",5689,255.28,159.42,1452287.92,906940.38,545347.54
"367","Europe","Luxembourg","Personal Care","Offline","C","10/3/2012",418973767,"10/27/2012",2503,81.73,56.67,204570.19,141845.01,62725.18
"368","Middle East and North Africa","Israel","Beverages","Online","C","10/23/2014",581990706,"11/15/2014",2838,47.45,31.79,134663.1,90220.02,44443.08
"369","Sub-Saharan Africa","Djibouti","Baby Food","Online","H","7/12/2015",109956681,"7/24/2015",7480,255.28,159.42,1909494.4,1192461.6,717032.8
"370","Europe","Bulgaria","Cereal","Online","L","5/6/2010",181045520,"5/27/2010",4247,205.7,117.11,873607.9,497366.17,376241.73
"371","Asia","Mongolia","Vegetables","Online","C","11/27/2010",693743550,"1/9/2011",2988,154.06,90.93,460331.28,271698.84,188632.44
"372","Central America and the Caribbean","Dominican Republic","Clothes","Offline","L","12/26/2010",716849601,"12/31/2010",582,109.28,35.84,63600.96,20858.88,42742.08
"374","Australia and Oceania","Federated States of Micronesia","Personal Care","Online","M","8/21/2016",421043574,"9/7/2016",5005,81.73,56.67,409058.65,283633.35,125425.3
"375","Europe","Finland","Personal Care","Online","M","2/3/2015",841291654,"3/20/2015",5751,81.73,56.67,470029.23,325909.17,144120.06
"376","Central America and the Caribbean","The Bahamas","Cereal","Offline","L","12/19/2013",450268065,"1/4/2014",3181,205.7,117.11,654331.7,372526.91,281804.79
"379","Central America and the Caribbean","El Salvador","Personal Care","Offline","C","1/11/2017",214743077,"2/18/2017",6103,81.73,56.67,498798.19,345857.01,152941.18
"380","Europe","Sweden","Baby Food","Online","M","6/21/2015",935371100,"7/6/2015",5949,255.28,159.42,1518660.72,948389.58,570271.14
"382","Europe","Monaco","Vegetables","Online","H","1/1/2010",329530894,"2/13/2010",4369,154.06,90.93,673088.14,397273.17,275814.97
"384","Sub-Saharan Africa","Mozambique","Beverages","Online","M","10/14/2014",625283706,"10/23/2014",4199,47.45,31.79,199242.55,133486.21,65756.34
"386","Asia","Philippines","Cereal","Offline","M","10/19/2010",504270160,"11/25/2010",3601,205.7,117.11,740725.7,421713.11,319012.59
"387","Sub-Saharan Africa","Democratic Republic of the Congo","Personal Care","Offline","M","5/2/2011",351855885,"6/2/2011",830,81.73,56.67,67835.9,47036.1,20799.8
"388","Australia and Oceania","Fiji","Snacks","Online","H","3/17/2011",673130881,"3/23/2011",3241,152.58,97.44,494511.78,315803.04,178708.74
"390","Middle East and North Africa","Tunisia ","Cereal","Online","H","12/1/2015",263506495,"12/14/2015",6283,205.7,117.11,1292413.1,735802.13,556610.97
"391","Europe","Liechtenstein","Cereal","Offline","L","6/2/2017",721767270,"7/18/2017",5829,205.7,117.11,1199025.3,682634.19,516391.11
"395","Sub-Saharan Africa","Chad","Fruits","Offline","C","11/5/2010",430081975,"12/9/2010",9669,9.33,6.92,90211.77,66909.48,23302.29
"396","Asia","Thailand","Baby Food","Online","H","3/26/2015",155128943,"5/5/2015",4957,255.28,159.42,1265422.96,790244.94,475178.02
"397","Europe","Iceland","Clothes","Offline","H","10/7/2012",312117135,"10/16/2012",1251,109.28,35.84,136709.28,44835.84,91873.44
"400","Asia","India","Personal Care","Offline","L","11/5/2013",995529830,"12/17/2013",8254,81.73,56.67,674599.42,467754.18,206845.24
"405","Middle East and North Africa","Turkey","Clothes","Online","C","6/28/2016",914391076,"8/4/2016",7494,109.28,35.84,818944.32,268584.96,550359.36
"408","Europe","Russia","Beverages","Offline","L","11/15/2015",740760314,"11/21/2015",6293,47.45,31.79,298602.85,200054.47,98548.38
"409","Central America and the Caribbean","The Bahamas","Baby Food","Online","C","1/11/2013",300476777,"2/28/2013",6610,255.28,159.42,1687400.8,1053766.2,633634.6
"410","Central America and the Caribbean","The Bahamas","Snacks","Online","L","4/24/2013",786519229,"6/7/2013",7373,152.58,97.44,1124972.34,718425.12,406547.22
"413","Europe","Bulgaria","Vegetables","Online","H","8/25/2012",614028298,"9/9/2012",3473,154.06,90.93,535050.38,315799.89,219250.49
"416","Sub-Saharan Africa","Malawi","Baby Food","Online","M","12/28/2011",792729079,"1/17/2012",5006,255.28,159.42,1277931.68,798056.52,479875.16
"417","Sub-Saharan Africa","Zimbabwe","Baby Food","Offline","M","8/21/2014",308170640,"10/10/2014",3395,255.28,159.42,866675.6,541230.9,325444.7
"418","Asia","Tajikistan","Vegetables","Online","H","8/21/2014",106578814,"10/2/2014",7894,154.06,90.93,1216149.64,717801.42,498348.22
"419","Europe","Czech Republic","Cereal","Online","H","3/2/2014",761439931,"3/28/2014",5851,205.7,117.11,1203550.7,685210.61,518340.09
"421","Sub-Saharan Africa","Lesotho","Fruits","Online","H","9/16/2010",536028802,"9/22/2010",1689,9.33,6.92,15758.37,11687.88,4070.49
"422","Sub-Saharan Africa","Mali","Beverages","Online","L","8/13/2013",254291713,"8/15/2013",9424,47.45,31.79,447168.8,299588.96,147579.84
"423","Europe","Georgia","Personal Care","Online","C","9/11/2012",226077878,"10/23/2012",323,81.73,56.67,26398.79,18304.41,8094.38
"429","Australia and Oceania","Kiribati","Cereal","Offline","L","7/24/2012",905392587,"8/16/2012",4641,205.7,117.11,954653.7,543507.51,411146.19
"430","Asia","Cambodia","Snacks","Online","C","3/25/2012",990708720,"5/4/2012",1581,152.58,97.44,241228.98,154052.64,87176.34
"431","Europe","Moldova ","Baby Food","Online","M","8/11/2014",798688733,"9/18/2014",8600,255.28,159.42,2195408,1371012,824396
"432","Asia","Uzbekistan","Cereal","Offline","C","10/15/2016",916881453,"11/28/2016",4452,205.7,117.11,915776.4,521373.72,394402.68
"434","Europe","Germany","Personal Care","Offline","C","6/12/2010",285662829,"7/13/2010",2834,81.73,56.67,231622.82,160602.78,71020.04
"435","Europe","Austria","Vegetables","Online","C","7/29/2016",612911641,"8/31/2016",3030,154.06,90.93,466801.8,275517.9,191283.9
"437","Asia","Bhutan","Clothes","Online","M","7/12/2012",147119653,"8/9/2012",4829,109.28,35.84,527713.12,173071.36,354641.76
"438","Asia","Kyrgyzstan","Fruits","Online","C","1/14/2012",402614009,"3/2/2012",1287,9.33,6.92,12007.71,8906.04,3101.67
"439","Middle East and North Africa","Somalia","Personal Care","Online","C","3/20/2013",749912869,"4/25/2013",4738,81.73,56.67,387236.74,268502.46,118734.28
"441","Europe","Armenia","Snacks","Offline","H","10/26/2013",540431916,"11/15/2013",4668,152.58,97.44,712243.44,454849.92,257393.52
"442","North America","Canada","Beverages","Online","C","4/16/2016",694687259,"6/2/2016",2252,47.45,31.79,106857.4,71591.08,35266.32
"444","Europe","Liechtenstein","Cereal","Online","L","8/4/2016",676121222,"9/9/2016",8149,205.7,117.11,1676249.3,954329.39,721919.91
"445","Middle East and North Africa","Tunisia ","Snacks","Offline","L","7/3/2012",286210000,"8/5/2012",4754,152.58,97.44,725365.32,463229.76,262135.56
"446","Middle East and North Africa","Iraq","Beverages","Online","L","12/4/2014",515007579,"1/11/2015",1042,47.45,31.79,49442.9,33125.18,16317.72
"448","Asia","Kazakhstan","Beverages","Online","H","2/5/2013",467986953,"2/17/2013",6594,47.45,31.79,312885.3,209623.26,103262.04
"449","Europe","Denmark","Beverages","Offline","C","6/15/2015",537578904,"7/9/2015",399,47.45,31.79,18932.55,12684.21,6248.34
"450","Europe","Luxembourg","Vegetables","Offline","L","10/21/2014",116699969,"11/18/2014",2969,154.06,90.93,457404.14,269971.17,187432.97
"451","Sub-Saharan Africa","Cape Verde","Snacks","Offline","C","2/13/2017",228836476,"3/13/2017",6653,152.58,97.44,1015114.74,648268.32,366846.42
"452","Australia and Oceania","Palau","Vegetables","Offline","C","6/29/2010",167787253,"7/16/2010",832,154.06,90.93,128177.92,75653.76,52524.16
"453","Australia and Oceania","Australia","Vegetables","Online","M","5/19/2014",647663629,"5/20/2014",6915,154.06,90.93,1065324.9,628780.95,436543.95
"456","Central America and the Caribbean","Cuba","Personal Care","Online","L","8/23/2015",928647124,"8/30/2015",6176,81.73,56.67,504764.48,349993.92,154770.56
"459","Central America and the Caribbean","The Bahamas","Cereal","Offline","M","11/27/2012",735968816,"12/6/2012",8382,205.7,117.11,1724177.4,981616.02,742561.38
"460","Europe","Belarus","Snacks","Offline","M","9/7/2012",303691565,"10/19/2012",7938,152.58,97.44,1211180.04,773478.72,437701.32
"461","Middle East and North Africa","United Arab Emirates","Clothes","Offline","C","6/23/2012",556480538,"8/7/2012",3812,109.28,35.84,416575.36,136622.08,279953.28
"462","Sub-Saharan Africa","Angola","Beverages","Offline","H","10/23/2014",141259562,"11/11/2014",698,47.45,31.79,33120.1,22189.42,10930.68
"465","Sub-Saharan Africa","Mozambique","Fruits","Offline","H","3/23/2010",861462724,"4/19/2010",4818,9.33,6.92,44951.94,33340.56,11611.38
"466","Europe","Armenia","Personal Care","Online","M","7/26/2012",499690234,"8/28/2012",8299,81.73,56.67,678277.27,470304.33,207972.94
"467","North America","Greenland","Clothes","Online","H","10/20/2015",509214437,"11/2/2015",6722,109.28,35.84,734580.16,240916.48,493663.68
"469","Europe","Vatican City","Beverages","Offline","M","4/4/2016",237660729,"4/30/2016",7946,47.45,31.79,377037.7,252603.34,124434.36
"470","Europe","Ukraine","Clothes","Online","C","8/5/2015",105117976,"9/9/2015",5600,109.28,35.84,611968,200704,411264
"471","Sub-Saharan Africa","Niger","Cereal","Offline","L","6/16/2012",640942227,"7/4/2012",7903,205.7,117.11,1625647.1,925520.33,700126.77
"473","Sub-Saharan Africa","Guinea","Baby Food","Offline","C","9/21/2014",738199555,"9/21/2014",8508,255.28,159.42,2171922.24,1356345.36,815576.88
"474","Sub-Saharan Africa","Guinea-Bissau","Snacks","Online","L","8/8/2015",110667788,"9/10/2015",7913,152.58,97.44,1207365.54,771042.72,436322.82
"476","Middle East and North Africa","Turkey","Snacks","Offline","H","8/26/2011",708215034,"9/13/2011",5421,152.58,97.44,827136.18,528222.24,298913.94
"478","Europe","Poland","Beverages","Offline","L","11/20/2011",769464671,"12/24/2011",550,47.45,31.79,26097.5,17484.5,8613
"479","Asia","Malaysia","Beverages","Offline","L","5/13/2015",860232770,"6/4/2015",848,47.45,31.79,40237.6,26957.92,13279.68
"480","North America","United States of America","Personal Care","Offline","C","7/16/2010",551057326,"8/22/2010",8963,81.73,56.67,732545.99,507933.21,224612.78
"483","Sub-Saharan Africa","Namibia","Beverages","Offline","H","8/14/2012",554045522,"9/20/2012",3237,47.45,31.79,153595.65,102904.23,50691.42
"484","Europe","Ireland","Clothes","Online","C","3/17/2012",526834189,"5/2/2012",799,109.28,35.84,87314.72,28636.16,58678.56
"486","Sub-Saharan Africa","Democratic Republic of the Congo","Baby Food","Offline","L","2/25/2013",559299647,"3/26/2013",8049,255.28,159.42,2054748.72,1283171.58,771577.14
"491","Central America and the Caribbean","Panama","Baby Food","Online","M","4/30/2010",375630986,"6/2/2010",6411,255.28,159.42,1636600.08,1022041.62,614558.46
"492","Europe","Andorra","Beverages","Offline","H","6/25/2013",989691627,"7/10/2013",600,47.45,31.79,28470,19074,9396
"494","Central America and the Caribbean","Barbados","Snacks","Online","C","9/21/2013",599622905,"10/22/2013",597,152.58,97.44,91090.26,58171.68,32918.58
"495","Europe","Sweden","Personal Care","Offline","C","12/8/2016",109653699,"1/6/2017",7821,81.73,56.67,639210.33,443216.07,195994.26
"497","Europe","Italy","Personal Care","Online","L","3/21/2011",127589738,"4/2/2011",5494,81.73,56.67,449024.62,311344.98,137679.64
"498","Europe","Russia","Fruits","Offline","L","1/8/2011",221530139,"1/26/2011",4546,9.33,6.92,42414.18,31458.32,10955.86
"500","Middle East and North Africa","Jordan","Fruits","Online","C","5/15/2017",521787345,"6/25/2017",7325,9.33,6.92,68342.25,50689,17653.25
"502","Middle East and North Africa","Somalia","Cereal","Offline","C","6/25/2015",215434443,"6/30/2015",694,205.7,117.11,142755.8,81274.34,61481.46
"503","Middle East and North Africa","Kuwait","Snacks","Online","L","10/26/2011",489784085,"11/1/2011",6850,152.58,97.44,1045173,667464,377709
"507","Sub-Saharan Africa","Niger","Beverages","Online","C","10/25/2013",742141759,"10/28/2013",5093,47.45,31.79,241662.85,161906.47,79756.38
"508","Europe","Hungary","Vegetables","Offline","M","8/12/2010",248121345,"9/14/2010",3475,154.06,90.93,535358.5,315981.75,219376.75
"509","Europe","Monaco","Clothes","Offline","M","7/26/2012",404010903,"9/4/2012",4659,109.28,35.84,509135.52,166978.56,342156.96
"511","Sub-Saharan Africa","South Sudan","Baby Food","Online","C","11/9/2012",473527753,"12/29/2012",6240,255.28,159.42,1592947.2,994780.8,598166.4
"512","Europe","Cyprus","Cereal","Offline","M","11/19/2011",141940200,"1/2/2012",2114,205.7,117.11,434849.8,247570.54,187279.26
"514","Sub-Saharan Africa","Liberia","Snacks","Online","H","9/17/2011",460379779,"11/4/2011",5462,152.58,97.44,833391.96,532217.28,301174.68
"515","Sub-Saharan Africa","Cote d'Ivoire","Vegetables","Online","C","10/23/2015",837067067,"10/26/2015",5602,154.06,90.93,863044.12,509389.86,353654.26
"516","Asia","Kyrgyzstan","Beverages","Online","C","4/3/2010",393693625,"4/9/2010",1547,47.45,31.79,73405.15,49179.13,24226.02
"517","Europe","Slovakia","Vegetables","Offline","L","7/3/2014",744370782,"7/14/2014",4711,154.06,90.93,725776.66,428371.23,297405.43
"519","Sub-Saharan Africa","Liberia","Beverages","Online","L","5/19/2014",285884702,"6/10/2014",8491,47.45,31.79,402897.95,269928.89,132969.06
"521","Australia and Oceania","Kiribati","Baby Food","Offline","L","8/15/2010",280749452,"10/1/2010",8856,255.28,159.42,2260759.68,1411823.52,848936.16
"522","Middle East and North Africa","Turkey","Baby Food","Online","M","4/26/2014",224287021,"5/17/2014",368,255.28,159.42,93943.04,58666.56,35276.48
"523","Europe","San Marino","Fruits","Offline","M","6/10/2015",873105657,"6/23/2015",221,9.33,6.92,2061.93,1529.32,532.61
"524","Europe","Vatican City","Snacks","Offline","C","8/12/2010",283504188,"9/2/2010",4044,152.58,97.44,617033.52,394047.36,222986.16
"525","Middle East and North Africa","Morocco","Beverages","Offline","C","8/28/2012",632093942,"9/5/2012",9499,47.45,31.79,450727.55,301973.21,148754.34
"527","Middle East and North Africa","Jordan","Vegetables","Online","M","9/14/2010",151854932,"10/19/2010",6104,154.06,90.93,940382.24,555036.72,385345.52
"528","Asia","Kyrgyzstan","Vegetables","Online","H","3/7/2011",427811324,"4/16/2011",7733,154.06,90.93,1191345.98,703161.69,488184.29
"529","Sub-Saharan Africa","Republic of the Congo","Fruits","Online","L","4/30/2012",251529252,"5/5/2012",1950,9.33,6.92,18193.5,13494,4699.5
"530","Australia and Oceania","East Timor","Snacks","Offline","C","5/18/2013",351182544,"6/22/2013",1574,152.58,97.44,240160.92,153370.56,86790.36
"532","Asia","Bangladesh","Snacks","Online","H","7/31/2013",142553031,"9/11/2013",3465,152.58,97.44,528689.7,337629.6,191060.1
"533","Sub-Saharan Africa","Senegal","Fruits","Offline","H","7/2/2016",292180383,"8/15/2016",1523,9.33,6.92,14209.59,10539.16,3670.43
"534","Middle East and North Africa","Pakistan","Fruits","Offline","L","9/13/2011",733563411,"9/20/2011",6569,9.33,6.92,61288.77,45457.48,15831.29
"535","Europe","Czech Republic","Beverages","Online","H","4/18/2011",296438443,"4/19/2011",1578,47.45,31.79,74876.1,50164.62,24711.48
"538","Asia","Kazakhstan","Baby Food","Offline","H","10/16/2010",166066348,"12/5/2010",1578,255.28,159.42,402831.84,251564.76,151267.08
"539","Central America and the Caribbean","The Bahamas","Snacks","Offline","H","3/15/2015",768522679,"3/27/2015",1794,152.58,97.44,273728.52,174807.36,98921.16
"542","Sub-Saharan Africa","Madagascar","Fruits","Offline","M","7/8/2017",701816356,"7/30/2017",1910,9.33,6.92,17820.3,13217.2,4603.1
"544","Europe","Greece","Vegetables","Online","L","2/17/2017",140635573,"3/21/2017",6046,154.06,90.93,931446.76,549762.78,381683.98
"546","Sub-Saharan Africa","South Sudan","Fruits","Online","M","1/9/2016",793938434,"2/8/2016",2880,9.33,6.92,26870.4,19929.6,6940.8
"547","Europe","Kosovo","Baby Food","Online","L","7/18/2011",177901113,"8/13/2011",3747,255.28,159.42,956534.16,597346.74,359187.42
"548","Asia","Brunei","Beverages","Online","L","3/16/2012",668365561,"5/4/2012",3077,47.45,31.79,146003.65,97817.83,48185.82
"549","Australia and Oceania","Australia","Vegetables","Online","C","12/15/2010",729443109,"1/12/2011",7281,154.06,90.93,1121710.86,662061.33,459649.53
"550","Sub-Saharan Africa","Cape Verde","Fruits","Offline","H","3/2/2013",695557582,"4/3/2013",9800,9.33,6.92,91434,67816,23618
"552","Asia","Philippines","Personal Care","Online","L","2/19/2013",232155120,"3/30/2013",8714,81.73,56.67,712195.22,493822.38,218372.84
"553","Europe","Estonia","Beverages","Online","L","10/28/2011",373048341,"12/12/2011",2149,47.45,31.79,101970.05,68316.71,33653.34
"556","Asia","Japan","Personal Care","Offline","M","8/25/2011",885129249,"9/3/2011",8269,81.73,56.67,675825.37,468604.23,207221.14
"558","Middle East and North Africa","Egypt","Baby Food","Offline","M","9/8/2015",939787089,"9/9/2015",2739,255.28,159.42,699211.92,436651.38,262560.54
"559","Central America and the Caribbean","Saint Lucia","Vegetables","Online","C","3/1/2012",151868665,"4/19/2012",168,154.06,90.93,25882.08,15276.24,10605.84
"560","Middle East and North Africa","Qatar","Cereal","Offline","C","8/5/2014",180412948,"8/24/2014",7055,205.7,117.11,1451213.5,826211.05,625002.45
"561","Sub-Saharan Africa","Mali","Fruits","Offline","H","7/24/2013",333281266,"7/28/2013",4188,9.33,6.92,39074.04,28980.96,10093.08
"563","Sub-Saharan Africa","Swaziland","Clothes","Offline","M","3/10/2014",844997823,"4/26/2014",2488,109.28,35.84,271888.64,89169.92,182718.72
"564","Asia","Mongolia","Fruits","Online","M","9/12/2013",171131217,"10/8/2013",385,9.33,6.92,3592.05,2664.2,927.85
"567","Middle East and North Africa","Oman","Fruits","Online","C","11/21/2010",960905301,"11/25/2010",2087,9.33,6.92,19471.71,14442.04,5029.67
"570","Asia","Mongolia","Fruits","Online","M","3/30/2014",805484378,"5/1/2014",9582,9.33,6.92,89400.06,66307.44,23092.62
"571","Asia","North Korea","Beverages","Online","C","9/14/2016",752716100,"10/12/2016",4276,47.45,31.79,202896.2,135934.04,66962.16
"572","Europe","Latvia","Clothes","Online","M","9/6/2012",551371467,"9/15/2012",1925,109.28,35.84,210364,68992,141372
"573","Sub-Saharan Africa","Burundi","Snacks","Offline","M","2/8/2013",353061807,"3/5/2013",7689,152.58,97.44,1173187.62,749216.16,423971.46
"574","Sub-Saharan Africa","Seychelles ","Personal Care","Online","C","1/17/2011",379710948,"1/30/2011",3762,81.73,56.67,307468.26,213192.54,94275.72
"575","Sub-Saharan Africa","Kenya","Cereal","Online","H","10/11/2015",473555219,"11/6/2015",4368,205.7,117.11,898497.6,511536.48,386961.12
"577","Central America and the Caribbean","Saint Lucia","Personal Care","Online","C","4/29/2012",133336961,"6/13/2012",6225,81.73,56.67,508769.25,352770.75,155998.5
"579","Sub-Saharan Africa","Mozambique","Beverages","Online","C","12/20/2014",376547658,"12/26/2014",7675,47.45,31.79,364178.75,243988.25,120190.5
"580","Middle East and North Africa","Pakistan","Clothes","Offline","M","6/28/2010",450849997,"7/21/2010",5388,109.28,35.84,588800.64,193105.92,395694.72
"581","Asia","Taiwan","Personal Care","Online","M","2/6/2015",672327935,"2/6/2015",5631,81.73,56.67,460221.63,319108.77,141112.86
"582","Central America and the Caribbean","Cuba","Cereal","Offline","L","3/30/2015",925405299,"5/1/2015",6847,205.7,117.11,1408427.9,801852.17,606575.73
"584","Europe","Russia","Beverages","Offline","C","1/6/2010",515616118,"2/5/2010",1122,47.45,31.79,53238.9,35668.38,17570.52
"585","Europe","Switzerland","Cereal","Offline","C","2/20/2013",423159730,"4/11/2013",1222,205.7,117.11,251365.4,143108.42,108256.98
"586","Europe","Czech Republic","Personal Care","Offline","H","8/25/2013",603123080,"9/29/2013",6377,81.73,56.67,521192.21,361384.59,159807.62
"588","Sub-Saharan Africa","Mauritius ","Cereal","Offline","L","8/2/2016",994566810,"9/1/2016",3275,205.7,117.11,673667.5,383535.25,290132.25
"589","Middle East and North Africa","Pakistan","Vegetables","Offline","M","4/25/2013",538957345,"4/25/2013",8310,154.06,90.93,1280238.6,755628.3,524610.3
"590","Sub-Saharan Africa","South Africa","Fruits","Offline","L","3/2/2011",821587932,"3/11/2011",4981,9.33,6.92,46472.73,34468.52,12004.21
"594","Central America and the Caribbean","Nicaragua","Fruits","Online","M","8/30/2014",933924853,"9/13/2014",7973,9.33,6.92,74388.09,55173.16,19214.93
"597","Middle East and North Africa","Tunisia ","Snacks","Online","H","3/20/2017",177950036,"4/29/2017",8225,152.58,97.44,1254970.5,801444,453526.5
"598","Australia and Oceania","Vanuatu","Beverages","Offline","M","11/8/2015",293258845,"11/14/2015",664,47.45,31.79,31506.8,21108.56,10398.24
"599","Sub-Saharan Africa","South Sudan","Beverages","Online","C","8/9/2010",683184659,"8/23/2010",8377,47.45,31.79,397488.65,266304.83,131183.82
"600","Europe","Sweden","Cereal","Online","L","11/12/2010",247776305,"11/30/2010",1370,205.7,117.11,281809,160440.7,121368.3
"602","Europe","Italy","Vegetables","Offline","L","1/10/2014",952714908,"2/25/2014",8367,154.06,90.93,1289020.02,760811.31,528208.71
"603","Europe","Bosnia and Herzegovina","Vegetables","Online","C","10/3/2010",694722020,"10/3/2010",2539,154.06,90.93,391158.34,230871.27,160287.07
"605","Europe","Poland","Snacks","Offline","M","7/20/2013",714306008,"8/17/2013",7876,152.58,97.44,1201720.08,767437.44,434282.64
"606","Middle East and North Africa","Kuwait","Snacks","Online","H","1/19/2016",465418040,"2/26/2016",6396,152.58,97.44,975901.68,623226.24,352675.44
"607","Sub-Saharan Africa","Sudan","Cereal","Online","M","8/17/2013",860287702,"9/11/2013",7103,205.7,117.11,1461087.1,831832.33,629254.77
"608","Middle East and North Africa","Saudi Arabia","Vegetables","Online","C","8/16/2016",461463820,"8/20/2016",6254,154.06,90.93,963491.24,568676.22,394815.02
"609","Sub-Saharan Africa","Swaziland","Baby Food","Offline","M","9/25/2013",151807725,"9/29/2013",2134,255.28,159.42,544767.52,340202.28,204565.24
"612","Sub-Saharan Africa","Central African Republic","Vegetables","Online","C","9/4/2012",641146934,"10/4/2012",8480,154.06,90.93,1306428.8,771086.4,535342.4
"615","Asia","Tajikistan","Beverages","Online","M","2/17/2017",866004025,"3/4/2017",8691,47.45,31.79,412387.95,276286.89,136101.06
"616","Asia","Sri Lanka","Baby Food","Online","H","10/19/2010",306889617,"10/21/2010",4312,255.28,159.42,1100767.36,687419.04,413348.32
"617","Europe","Montenegro","Personal Care","Online","M","7/30/2014",431083619,"8/10/2014",6077,81.73,56.67,496673.21,344383.59,152289.62
"618","Middle East and North Africa","United Arab Emirates","Personal Care","Online","H","5/21/2015",954259860,"6/4/2015",5553,81.73,56.67,453846.69,314688.51,139158.18
"619","Central America and the Caribbean","Dominican Republic","Personal Care","Offline","C","5/5/2016",312404668,"6/21/2016",6338,81.73,56.67,518004.74,359174.46,158830.28
"622","Sub-Saharan Africa","Nigeria","Vegetables","Offline","C","7/21/2010",211201274,"9/9/2010",8005,154.06,90.93,1233250.3,727894.65,505355.65
"623","Sub-Saharan Africa","Rwanda","Fruits","Online","H","6/9/2015",925333631,"7/25/2015",5639,9.33,6.92,52611.87,39021.88,13589.99
"624","Europe","Hungary","Snacks","Offline","C","6/3/2010",909053695,"6/27/2010",8044,152.58,97.44,1227353.52,783807.36,443546.16
"625","Europe","Belarus","Baby Food","Online","L","5/17/2016",370222795,"6/11/2016",6007,255.28,159.42,1533466.96,957635.94,575831.02
"627","Europe","Andorra","Vegetables","Online","M","9/15/2013",257915914,"10/6/2013",1905,154.06,90.93,293484.3,173221.65,120262.65
"631","Europe","Bosnia and Herzegovina","Snacks","Online","M","6/9/2010",363276517,"7/9/2010",449,152.58,97.44,68508.42,43750.56,24757.86
"632","Europe","Andorra","Personal Care","Online","M","5/21/2017",692956054,"6/23/2017",9950,81.73,56.67,813213.5,563866.5,249347
"634","Australia and Oceania","Nauru","Fruits","Online","L","2/22/2010",607757937,"4/5/2010",7934,9.33,6.92,74024.22,54903.28,19120.94
"635","Europe","Czech Republic","Cereal","Offline","H","6/29/2012",594540441,"7/30/2012",6583,205.7,117.11,1354123.1,770935.13,583187.97
"636","Europe","Serbia","Vegetables","Online","L","3/23/2015",685871589,"4/5/2015",3500,154.06,90.93,539210,318255,220955
"637","Australia and Oceania","Tuvalu","Cereal","Offline","C","2/12/2014",133362710,"3/23/2014",3844,205.7,117.11,790710.8,450170.84,340539.96
"638","Sub-Saharan Africa","Madagascar","Clothes","Offline","H","5/22/2017",958937633,"7/5/2017",9810,109.28,35.84,1072036.8,351590.4,720446.4
"639","Sub-Saharan Africa","Ethiopia","Vegetables","Online","C","8/6/2011",304832684,"9/6/2011",5620,154.06,90.93,865817.2,511026.6,354790.6
"640","Asia","Malaysia","Baby Food","Offline","L","11/14/2010",783596694,"12/24/2010",2530,255.28,159.42,645858.4,403332.6,242525.8
"642","Sub-Saharan Africa","Cote d'Ivoire","Vegetables","Offline","M","7/8/2014",641489398,"7/28/2014",9823,154.06,90.93,1513331.38,893205.39,620125.99
"643","Australia and Oceania","Solomon Islands","Clothes","Offline","M","8/9/2014",647278249,"9/16/2014",2873,109.28,35.84,313961.44,102968.32,210993.12
"644","Europe","Netherlands","Clothes","Online","H","3/13/2011",339256370,"3/31/2011",2354,109.28,35.84,257245.12,84367.36,172877.76
"645","Sub-Saharan Africa","Mali","Baby Food","Offline","M","3/2/2016",431535089,"3/19/2016",9677,255.28,159.42,2470344.56,1542707.34,927637.22
"646","Middle East and North Africa","Afghanistan","Cereal","Offline","C","12/19/2015",808538234,"1/16/2016",3286,205.7,117.11,675930.2,384823.46,291106.74
"647","Europe","Moldova ","Personal Care","Online","C","3/28/2013",975002133,"4/7/2013",3653,81.73,56.67,298559.69,207015.51,91544.18
"648","Asia","Bhutan","Snacks","Online","H","6/27/2015",505975615,"7/4/2015",8283,152.58,97.44,1263820.14,807095.52,456724.62
"649","Asia","Vietnam","Vegetables","Offline","M","2/18/2016",396820008,"3/20/2016",6714,154.06,90.93,1034358.84,610504.02,423854.82
"650","Europe","Portugal","Vegetables","Online","H","6/14/2013",813209140,"7/10/2013",5511,154.06,90.93,849024.66,501115.23,347909.43
"651","Europe","Spain","Baby Food","Online","M","5/10/2014",641129338,"5/14/2014",3273,255.28,159.42,835531.44,521781.66,313749.78
"653","Europe","Belgium","Snacks","Online","C","6/11/2014",277070748,"7/2/2014",246,152.58,97.44,37534.68,23970.24,13564.44
"656","Europe","Estonia","Beverages","Offline","H","5/28/2010",985092818,"7/17/2010",9711,47.45,31.79,460786.95,308712.69,152074.26
"657","Sub-Saharan Africa","Burundi","Snacks","Offline","C","5/22/2010",325412309,"7/7/2010",5588,152.58,97.44,852617.04,544494.72,308122.32
"658","Europe","Latvia","Beverages","Online","M","6/2/2016",447917163,"6/24/2016",7497,47.45,31.79,355732.65,238329.63,117403.02
"660","Sub-Saharan Africa","Zimbabwe","Fruits","Offline","H","10/5/2014",903740775,"10/23/2014",5833,9.33,6.92,54421.89,40364.36,14057.53
"662","Sub-Saharan Africa","Namibia","Clothes","Online","L","11/27/2012",584204280,"1/1/2013",7884,109.28,35.84,861563.52,282562.56,579000.96
"663","Europe","Slovenia","Cereal","Offline","H","5/22/2010",901180875,"5/26/2010",8302,205.7,117.11,1707721.4,972247.22,735474.18
"664","Europe","Bulgaria","Snacks","Offline","L","8/31/2012",645948302,"9/29/2012",9312,152.58,97.44,1420824.96,907361.28,513463.68
"665","Sub-Saharan Africa","Guinea-Bissau","Cereal","Online","L","1/23/2015",138867890,"2/22/2015",2950,205.7,117.11,606815,345474.5,261340.5
"666","Sub-Saharan Africa","Lesotho","Beverages","Offline","L","3/2/2010",670613467,"3/21/2010",8282,47.45,31.79,392980.9,263284.78,129696.12
"668","Australia and Oceania","East Timor","Snacks","Online","H","12/28/2010",464840400,"2/5/2011",5459,152.58,97.44,832934.22,531924.96,301009.26
"671","Europe","Ireland","Beverages","Offline","L","4/4/2017",607190167,"5/18/2017",9919,47.45,31.79,470656.55,315325.01,155331.54
"674","Sub-Saharan Africa","South Sudan","Beverages","Online","L","9/23/2011",806298053,"10/24/2011",366,47.45,31.79,17366.7,11635.14,5731.56
"675","Sub-Saharan Africa","Comoros","Personal Care","Online","L","10/24/2010",719362294,"12/3/2010",4144,81.73,56.67,338689.12,234840.48,103848.64
"676","Europe","Poland","Baby Food","Online","H","8/14/2013",445178306,"9/22/2013",7008,255.28,159.42,1789002.24,1117215.36,671786.88
"678","Sub-Saharan Africa","Namibia","Vegetables","Offline","C","8/11/2014",461823451,"9/4/2014",2677,154.06,90.93,412418.62,243419.61,168999.01
"682","Australia and Oceania","East Timor","Beverages","Online","C","6/5/2015",179970920,"6/25/2015",6249,47.45,31.79,296515.05,198655.71,97859.34
"685","Australia and Oceania","Solomon Islands","Personal Care","Offline","M","3/9/2015",532846200,"4/20/2015",9886,81.73,56.67,807982.78,560239.62,247743.16
"686","Central America and the Caribbean","Belize","Snacks","Online","C","6/18/2013",213865458,"7/13/2013",6397,152.58,97.44,976054.26,623323.68,352730.58
"688","Central America and the Caribbean","Costa Rica","Clothes","Offline","H","4/17/2014",568944442,"4/24/2014",2158,109.28,35.84,235826.24,77342.72,158483.52
"689","Sub-Saharan Africa","Nigeria","Baby Food","Online","L","2/3/2012",238414323,"2/27/2012",951,255.28,159.42,242771.28,151608.42,91162.86
"691","Sub-Saharan Africa","Djibouti","Baby Food","Online","C","9/11/2013",402084004,"10/5/2013",4447,255.28,159.42,1135230.16,708940.74,426289.42
"692","Asia","South Korea","Snacks","Online","L","5/8/2015",763568961,"6/7/2015",5879,152.58,97.44,897017.82,572849.76,324168.06
"693","Central America and the Caribbean","Dominica","Snacks","Offline","L","5/22/2015",590198266,"6/1/2015",1637,152.58,97.44,249773.46,159509.28,90264.18
"694","Asia","Vietnam","Snacks","Online","L","7/3/2013",441395747,"8/19/2013",7665,152.58,97.44,1169525.7,746877.6,422648.1
"695","Europe","Norway","Personal Care","Offline","H","6/16/2010",496897733,"7/21/2010",1936,81.73,56.67,158229.28,109713.12,48516.16
"696","Central America and the Caribbean","Haiti","Beverages","Online","C","11/8/2011",106753051,"11/14/2011",9455,47.45,31.79,448639.75,300574.45,148065.3
"697","Central America and the Caribbean","Jamaica","Fruits","Offline","L","10/17/2016",941323029,"10/27/2016",7258,9.33,6.92,67717.14,50225.36,17491.78
"698","Sub-Saharan Africa","Sudan","Vegetables","Offline","M","2/2/2014",241281497,"3/3/2014",9412,154.06,90.93,1450012.72,855833.16,594179.56
"701","Europe","Greece","Personal Care","Online","M","8/8/2015",644913613,"9/7/2015",3124,81.73,56.67,255324.52,177037.08,78287.44
"702","Sub-Saharan Africa","Madagascar","Cereal","Offline","H","8/18/2016",469414317,"8/19/2016",8983,205.7,117.11,1847803.1,1051999.13,795803.97
"703","Sub-Saharan Africa","Guinea-Bissau","Clothes","Online","L","6/18/2015",867360150,"7/1/2015",9998,109.28,35.84,1092581.44,358328.32,734253.12
"704","North America","Greenland","Clothes","Online","L","1/28/2011",851299941,"2/1/2011",7425,109.28,35.84,811404,266112,545292
"705","Middle East and North Africa","Libya","Beverages","Offline","H","2/4/2011",854095017,"3/4/2011",4550,47.45,31.79,215897.5,144644.5,71253
"706","Europe","Belarus","Vegetables","Offline","C","11/3/2012",478919208,"11/27/2012",1691,154.06,90.93,260515.46,153762.63,106752.83
"707","Middle East and North Africa","Lebanon","Clothes","Offline","H","9/18/2014",749258840,"11/5/2014",1196,109.28,35.84,130698.88,42864.64,87834.24
"708","Sub-Saharan Africa","Djibouti","Baby Food","Offline","H","5/17/2012",958912742,"6/28/2012",2444,255.28,159.42,623904.32,389622.48,234281.84
"709","Central America and the Caribbean","Barbados","Personal Care","Online","C","2/20/2010",921992242,"3/4/2010",6848,81.73,56.67,559687.04,388076.16,171610.88
"710","Sub-Saharan Africa","Guinea-Bissau","Vegetables","Online","L","2/28/2017",522921168,"3/2/2017",2849,154.06,90.93,438916.94,259059.57,179857.37
"711","Europe","Finland","Personal Care","Offline","C","5/17/2013",166435849,"6/7/2013",921,81.73,56.67,75273.33,52193.07,23080.26
"712","Central America and the Caribbean","Haiti","Baby Food","Offline","L","11/9/2013",327585113,"11/23/2013",8569,255.28,159.42,2187494.32,1366069.98,821424.34
"713","Sub-Saharan Africa","Niger","Clothes","Offline","M","1/10/2012",201730287,"2/19/2012",5330,109.28,35.84,582462.4,191027.2,391435.2
"714","Central America and the Caribbean","Trinidad and Tobago","Fruits","Offline","L","9/24/2013",854545199,"11/9/2013",7769,9.33,6.92,72484.77,53761.48,18723.29
"715","Central America and the Caribbean","Grenada","Personal Care","Online","M","9/26/2010",272016179,"11/8/2010",4487,81.73,56.67,366722.51,254278.29,112444.22
"716","Central America and the Caribbean","Dominican Republic","Cereal","Offline","H","10/21/2014",110442054,"11/20/2014",1113,205.7,117.11,228944.1,130343.43,98600.67
"718","Europe","Estonia","Vegetables","Online","L","12/27/2016",826916301,"1/7/2017",1764,154.06,90.93,271761.84,160400.52,111361.32
"719","Europe","Italy","Beverages","Offline","H","8/30/2013",419124829,"9/19/2013",7206,47.45,31.79,341924.7,229078.74,112845.96
"722","Middle East and North Africa","Pakistan","Clothes","Offline","C","1/29/2011",693159472,"2/5/2011",146,109.28,35.84,15954.88,5232.64,10722.24
"723","Asia","Sri Lanka","Snacks","Offline","L","11/13/2013",860886800,"11/23/2013",4390,152.58,97.44,669826.2,427761.6,242064.6
"724","Europe","Romania","Fruits","Offline","C","4/9/2012",131209647,"5/3/2012",6705,9.33,6.92,62557.65,46398.6,16159.05
"726","Sub-Saharan Africa","Cote d'Ivoire","Clothes","Online","H","6/8/2010",706399714,"7/19/2010",8228,109.28,35.84,899155.84,294891.52,604264.32
"728","Middle East and North Africa","Iran","Snacks","Offline","H","12/11/2014",875370299,"12/28/2014",379,152.58,97.44,57827.82,36929.76,20898.06
"729","Middle East and North Africa","Somalia","Clothes","Online","C","1/27/2011",801590669,"3/15/2011",7347,109.28,35.84,802880.16,263316.48,539563.68
"730","Middle East and North Africa","Syria","Personal Care","Offline","C","5/7/2014",219762027,"5/28/2014",1322,81.73,56.67,108047.06,74917.74,33129.32
"731","Australia and Oceania","Solomon Islands","Cereal","Offline","C","11/8/2010",940870702,"11/21/2010",3404,205.7,117.11,700202.8,398642.44,301560.36
"732","Central America and the Caribbean","Guatemala","Fruits","Online","M","3/30/2014",346215522,"5/4/2014",1721,9.33,6.92,16056.93,11909.32,4147.61
"733","Middle East and North Africa","Kuwait","Clothes","Offline","C","7/9/2016",837407815,"7/20/2016",6436,109.28,35.84,703326.08,230666.24,472659.84
"735","Australia and Oceania","Marshall Islands","Beverages","Offline","H","10/14/2013",185342633,"11/24/2013",5859,47.45,31.79,278009.55,186257.61,91751.94
"736","Middle East and North Africa","Egypt","Snacks","Offline","C","1/13/2017",596870315,"2/18/2017",6045,152.58,97.44,922346.1,589024.8,333321.3
"738","Australia and Oceania","Samoa ","Personal Care","Online","C","4/16/2010",559352862,"6/4/2010",3797,81.73,56.67,310328.81,215175.99,95152.82
"740","Europe","Albania","Clothes","Offline","C","1/14/2015",980459678,"2/9/2015",8661,109.28,35.84,946474.08,310410.24,636063.84
"741","Central America and the Caribbean","Dominica","Vegetables","Offline","C","11/16/2014",653939568,"12/6/2014",4105,154.06,90.93,632416.3,373267.65,259148.65
"743","Australia and Oceania","Marshall Islands","Cereal","Online","L","5/29/2017",148871457,"7/6/2017",3227,205.7,117.11,663793.9,377913.97,285879.93
"744","Europe","Bulgaria","Fruits","Online","H","2/10/2015",850108611,"2/25/2015",4884,9.33,6.92,45567.72,33797.28,11770.44
"747","Sub-Saharan Africa","Malawi","Beverages","Offline","L","9/4/2016",474178349,"9/26/2016",8766,47.45,31.79,415946.7,278671.14,137275.56
"748","Sub-Saharan Africa","Cape Verde","Personal Care","Offline","L","7/19/2016",458942115,"7/29/2016",25,81.73,56.67,2043.25,1416.75,626.5
"749","Central America and the Caribbean","Saint Vincent and the Grenadines","Beverages","Offline","C","1/9/2017",917834603,"1/13/2017",6510,47.45,31.79,308899.5,206952.9,101946.6
"750","Europe","Greece","Personal Care","Offline","H","11/5/2016",947779643,"12/5/2016",7913,81.73,56.67,646729.49,448429.71,198299.78
"751","Europe","Monaco","Clothes","Online","L","10/31/2015",166013562,"11/26/2015",5957,109.28,35.84,650980.96,213498.88,437482.08
"752","Sub-Saharan Africa","Nigeria","Beverages","Online","L","1/25/2011",960085189,"2/13/2011",9397,47.45,31.79,445887.65,298730.63,147157.02
"754","North America","Greenland","Snacks","Offline","L","6/24/2010",977499377,"8/12/2010",2643,152.58,97.44,403268.94,257533.92,145735.02
"755","Middle East and North Africa","Tunisia ","Beverages","Online","L","2/27/2014",377502095,"3/3/2014",114,47.45,31.79,5409.3,3624.06,1785.24
"757","Central America and the Caribbean","Saint Kitts and Nevis ","Vegetables","Online","H","4/15/2017",954092919,"5/11/2017",6152,154.06,90.93,947777.12,559401.36,388375.76
"759","Sub-Saharan Africa","Angola","Personal Care","Online","H","12/13/2010",461768949,"12/30/2010",6548,81.73,56.67,535168.04,371075.16,164092.88
"761","Central America and the Caribbean","Honduras","Personal Care","Offline","L","1/16/2013",619670808,"2/25/2013",3217,81.73,56.67,262925.41,182307.39,80618.02
"763","Asia","Kyrgyzstan","Baby Food","Online","L","1/24/2013",671939122,"2/14/2013",573,255.28,159.42,146275.44,91347.66,54927.78
"765","Sub-Saharan Africa","Madagascar","Fruits","Online","M","7/23/2017",987714517,"9/11/2017",5530,9.33,6.92,51594.9,38267.6,13327.3
"770","Sub-Saharan Africa","Zimbabwe","Personal Care","Offline","L","8/23/2011",147599017,"8/28/2011",6684,81.73,56.67,546283.32,378782.28,167501.04
"771","Europe","Serbia","Beverages","Online","H","4/18/2015",682489430,"5/23/2015",2644,47.45,31.79,125457.8,84052.76,41405.04
"772","Asia","Maldives","Vegetables","Offline","M","1/11/2014",509819114,"2/23/2014",5660,154.06,90.93,871979.6,514663.8,357315.8
"774","Europe","Romania","Clothes","Offline","L","4/4/2011",968554103,"4/8/2011",5537,109.28,35.84,605083.36,198446.08,406637.28
"775","Europe","Croatia","Beverages","Online","M","12/26/2013",989119565,"1/6/2014",1315,47.45,31.79,62396.75,41803.85,20592.9
"776","Europe","Albania","Vegetables","Offline","M","9/12/2012",880444610,"10/31/2012",1980,154.06,90.93,305038.8,180041.4,124997.4
"777","Central America and the Caribbean","Dominican Republic","Vegetables","Offline","L","12/19/2015",737890565,"1/15/2016",7071,154.06,90.93,1089358.26,642966.03,446392.23
"778","Sub-Saharan Africa","Zimbabwe","Vegetables","Online","M","6/26/2014",727131259,"8/9/2014",3153,154.06,90.93,485751.18,286702.29,199048.89
"780","Asia","Laos","Beverages","Online","H","8/17/2014",315254676,"9/8/2014",9719,47.45,31.79,461166.55,308967.01,152199.54
"781","Central America and the Caribbean","Panama","Personal Care","Offline","M","7/19/2010",147047555,"9/3/2010",3494,81.73,56.67,285564.62,198004.98,87559.64
"783","Middle East and North Africa","Syria","Snacks","Offline","L","7/19/2010",770714795,"8/26/2010",490,152.58,97.44,74764.2,47745.6,27018.6
"785","Sub-Saharan Africa","Uganda","Fruits","Online","L","5/4/2010",624295365,"6/23/2010",1727,9.33,6.92,16112.91,11950.84,4162.07
"786","Asia","Taiwan","Clothes","Offline","M","10/13/2013",769651782,"11/3/2013",5921,109.28,35.84,647046.88,212208.64,434838.24
"787","Middle East and North Africa","Azerbaijan","Vegetables","Online","C","7/27/2014",751929891,"8/1/2014",1619,154.06,90.93,249423.14,147215.67,102207.47
"790","Sub-Saharan Africa","Burundi","Baby Food","Online","H","1/4/2016",659845149,"1/29/2016",1698,255.28,159.42,433465.44,270695.16,162770.28
"791","Sub-Saharan Africa","Zambia","Baby Food","Offline","H","5/17/2011",830923306,"6/5/2011",7526,255.28,159.42,1921237.28,1199794.92,721442.36
"792","Asia","Singapore","Beverages","Offline","L","2/12/2010",936042296,"3/17/2010",4571,47.45,31.79,216893.95,145312.09,71581.86
"795","Sub-Saharan Africa","Zambia","Fruits","Online","L","5/26/2015",360820043,"7/2/2015",3524,9.33,6.92,32878.92,24386.08,8492.84
"796","Europe","Georgia","Snacks","Online","C","5/24/2010",958840644,"6/2/2010",1109,152.58,97.44,169211.22,108060.96,61150.26
"797","Middle East and North Africa","Bahrain","Baby Food","Online","M","2/21/2011",195833718,"4/7/2011",404,255.28,159.42,103133.12,64405.68,38727.44
"798","Sub-Saharan Africa","Lesotho","Personal Care","Offline","M","6/28/2014",543723094,"7/2/2014",8601,81.73,56.67,702959.73,487418.67,215541.06
"800","Middle East and North Africa","Saudi Arabia","Vegetables","Online","H","5/18/2010",411448562,"6/30/2010",5628,154.06,90.93,867049.68,511754.04,355295.64
"801","Europe","Macedonia","Personal Care","Offline","H","2/2/2017",276694810,"2/16/2017",8998,81.73,56.67,735406.54,509916.66,225489.88
"803","Europe","Albania","Baby Food","Online","L","12/23/2011",585823476,"1/6/2012",7040,255.28,159.42,1797171.2,1122316.8,674854.4
"804","Middle East and North Africa","Afghanistan","Clothes","Online","C","12/5/2016",446991050,"1/16/2017",3440,109.28,35.84,375923.2,123289.6,252633.6
"805","Australia and Oceania","Kiribati","Clothes","Offline","M","2/16/2017",891271722,"2/22/2017",5963,109.28,35.84,651636.64,213713.92,437922.72
"807","Europe","Norway","Baby Food","Offline","L","9/7/2010",887180173,"10/18/2010",5183,255.28,159.42,1323116.24,826273.86,496842.38
"809","Asia","Tajikistan","Personal Care","Online","M","7/16/2010",492689454,"8/16/2010",6613,81.73,56.67,540480.49,374758.71,165721.78
"811","Europe","Spain","Vegetables","Online","L","10/8/2013",751940190,"10/10/2013",4667,154.06,90.93,718998.02,424370.31,294627.71
"812","Sub-Saharan Africa","Chad","Baby Food","Offline","H","8/9/2016",579379737,"8/26/2016",194,255.28,159.42,49524.32,30927.48,18596.84
"815","Sub-Saharan Africa","Mozambique","Fruits","Online","C","12/14/2012",433228528,"12/21/2012",804,9.33,6.92,7501.32,5563.68,1937.64
"816","Middle East and North Africa","Bahrain","Fruits","Online","L","11/20/2015",282475936,"11/28/2015",9762,9.33,6.92,91079.46,67553.04,23526.42
"819","Sub-Saharan Africa","Niger","Baby Food","Online","L","2/4/2015",184170186,"2/17/2015",8906,255.28,159.42,2273523.68,1419794.52,853729.16
"820","Europe","Armenia","Fruits","Online","C","4/28/2011",681006705,"6/14/2011",3872,9.33,6.92,36125.76,26794.24,9331.52
"821","Sub-Saharan Africa","Gabon","Baby Food","Online","L","2/1/2012",249237573,"2/21/2012",3791,255.28,159.42,967766.48,604361.22,363405.26
"822","Asia","Kyrgyzstan","Vegetables","Offline","H","1/29/2017",348286616,"2/13/2017",4604,154.06,90.93,709292.24,418641.72,290650.52
"823","Australia and Oceania","Fiji","Clothes","Offline","L","12/1/2011",257890164,"12/29/2011",4285,109.28,35.84,468264.8,153574.4,314690.4
"825","Sub-Saharan Africa","Botswana","Cereal","Online","C","5/3/2017",129268586,"6/21/2017",2302,205.7,117.11,473521.4,269587.22,203934.18
"827","Europe","Vatican City","Clothes","Offline","C","4/11/2010",907513463,"4/19/2010",2256,109.28,35.84,246535.68,80855.04,165680.64
"828","Asia","Thailand","Vegetables","Online","L","7/17/2010",976871955,"8/31/2010",6975,154.06,90.93,1074568.5,634236.75,440331.75
"829","Europe","Belarus","Cereal","Offline","C","5/31/2012",261765420,"7/17/2012",1060,205.7,117.11,218042,124136.6,93905.4
"830","Australia and Oceania","Solomon Islands","Vegetables","Offline","L","7/15/2016",784117686,"7/17/2016",6703,154.06,90.93,1032664.18,609503.79,423160.39
"832","Sub-Saharan Africa","Angola","Snacks","Online","C","11/26/2012",480456435,"12/16/2012",6591,152.58,97.44,1005654.78,642227.04,363427.74
"833","Asia","Cambodia","Cereal","Online","L","10/3/2011",899853074,"10/26/2011",5376,205.7,117.11,1105843.2,629583.36,476259.84
"834","Central America and the Caribbean","Guatemala","Baby Food","Offline","L","11/30/2010",547528827,"12/15/2010",4802,255.28,159.42,1225854.56,765534.84,460319.72
"835","Sub-Saharan Africa","Namibia","Vegetables","Online","L","5/8/2016",446970021,"5/9/2016",7217,154.06,90.93,1111851.02,656241.81,455609.21
"836","Europe","Serbia","Beverages","Offline","H","2/27/2016",791975486,"3/20/2016",2001,47.45,31.79,94947.45,63611.79,31335.66
"837","Middle East and North Africa","Turkey","Vegetables","Offline","M","8/24/2014",496656548,"9/29/2014",564,154.06,90.93,86889.84,51284.52,35605.32
"838","Middle East and North Africa","Pakistan","Vegetables","Offline","C","5/26/2013",345437037,"6/30/2013",1351,154.06,90.93,208135.06,122846.43,85288.63
"839","Europe","Georgia","Vegetables","Offline","H","1/26/2015",743053281,"2/23/2015",4833,154.06,90.93,744571.98,439464.69,305107.29
"840","Australia and Oceania","Vanuatu","Snacks","Offline","L","1/7/2012",364554107,"1/18/2012",8516,152.58,97.44,1299371.28,829799.04,469572.24
"844","Central America and the Caribbean","Haiti","Snacks","Offline","H","12/2/2014",351317298,"1/14/2015",1450,152.58,97.44,221241,141288,79953
"847","Middle East and North Africa","Bahrain","Beverages","Online","L","6/24/2015",953554761,"7/28/2015",6899,47.45,31.79,327357.55,219319.21,108038.34
"848","Sub-Saharan Africa","Cote d'Ivoire","Cereal","Online","L","7/30/2016",105390059,"8/25/2016",6115,205.7,117.11,1257855.5,716127.65,541727.85
"850","Asia","Malaysia","Baby Food","Offline","M","12/16/2016",677394092,"12/29/2016",4820,255.28,159.42,1230449.6,768404.4,462045.2
"851","Europe","Albania","Baby Food","Online","L","9/28/2015",474222981,"10/26/2015",1973,255.28,159.42,503667.44,314535.66,189131.78
"852","Sub-Saharan Africa","Gabon","Snacks","Online","L","4/16/2016",779897391,"5/5/2016",7824,152.58,97.44,1193785.92,762370.56,431415.36
"853","Europe","Poland","Snacks","Offline","L","3/27/2017",733528649,"3/30/2017",6283,152.58,97.44,958660.14,612215.52,346444.62
"855","Sub-Saharan Africa","Republic of the Congo","Clothes","Online","H","7/29/2012",542669522,"9/11/2012",6826,109.28,35.84,745945.28,244643.84,501301.44
"856","Asia","Philippines","Fruits","Offline","L","5/4/2013",827964293,"6/1/2013",1888,9.33,6.92,17615.04,13064.96,4550.08
"857","Europe","France","Snacks","Offline","M","2/2/2012",720786225,"2/15/2012",5516,152.58,97.44,841631.28,537479.04,304152.24
"859","Sub-Saharan Africa","Uganda","Personal Care","Online","M","11/4/2012",512019383,"12/12/2012",6769,81.73,56.67,553230.37,383599.23,169631.14
"860","Middle East and North Africa","Bahrain","Personal Care","Online","C","8/5/2014",502715766,"8/17/2014",3621,81.73,56.67,295944.33,205202.07,90742.26
"862","Europe","Montenegro","Beverages","Offline","L","12/1/2014",532324779,"1/3/2015",5586,47.45,31.79,265055.7,177578.94,87476.76
"863","Middle East and North Africa","Tunisia ","Personal Care","Offline","H","11/2/2015",635397565,"11/21/2015",7114,81.73,56.67,581427.22,403150.38,178276.84
"864","Europe","Germany","Cereal","Offline","M","10/7/2011",957276809,"11/4/2011",8335,205.7,117.11,1714509.5,976111.85,738397.65
"865","Europe","Italy","Snacks","Online","L","2/9/2014",580823838,"3/21/2014",7536,152.58,97.44,1149842.88,734307.84,415535.04
"867","Middle East and North Africa","Algeria","Baby Food","Online","L","4/8/2013",265929067,"5/23/2013",3175,255.28,159.42,810514,506158.5,304355.5
"868","Asia","Myanmar","Beverages","Online","H","9/20/2011",644772422,"10/26/2011",1343,47.45,31.79,63725.35,42693.97,21031.38
"869","Europe","France","Vegetables","Offline","C","4/12/2012",959853875,"5/4/2012",947,154.06,90.93,145894.82,86110.71,59784.11
"870","Europe","Spain","Vegetables","Online","C","10/2/2012",645597255,"10/25/2012",5429,154.06,90.93,836391.74,493658.97,342732.77
"871","Asia","Cambodia","Baby Food","Offline","C","1/2/2012",556738889,"1/25/2012",264,255.28,159.42,67393.92,42086.88,25307.04
"872","Sub-Saharan Africa","The Gambia","Vegetables","Online","M","9/30/2013",718327605,"11/10/2013",7956,154.06,90.93,1225701.36,723439.08,502262.28
"873","Europe","Russia","Baby Food","Offline","L","3/10/2015",775724732,"3/20/2015",3041,255.28,159.42,776306.48,484796.22,291510.26
"874","Europe","Belarus","Baby Food","Offline","H","10/26/2010",444604098,"10/31/2010",7088,255.28,159.42,1809424.64,1129968.96,679455.68
"875","Middle East and North Africa","Turkey","Beverages","Online","C","5/2/2011",860952031,"5/13/2011",3693,47.45,31.79,175232.85,117400.47,57832.38
"878","Asia","Vietnam","Personal Care","Offline","L","6/18/2017",109358012,"7/10/2017",321,81.73,56.67,26235.33,18191.07,8044.26
"879","Europe","Albania","Beverages","Online","L","7/19/2010",531693494,"8/6/2010",8775,47.45,31.79,416373.75,278957.25,137416.5
"880","Central America and the Caribbean","Antigua and Barbuda ","Clothes","Offline","C","8/9/2013",336116683,"9/4/2013",3251,109.28,35.84,355269.28,116515.84,238753.44
"881","Sub-Saharan Africa","Senegal","Cereal","Offline","M","3/23/2017",630488908,"4/30/2017",4534,205.7,117.11,932643.8,530976.74,401667.06
"882","Europe","Netherlands","Fruits","Online","L","10/31/2016",792983996,"12/2/2016",441,9.33,6.92,4114.53,3051.72,1062.81
"883","Europe","Russia","Fruits","Online","C","7/3/2016",722088277,"7/3/2016",822,9.33,6.92,7669.26,5688.24,1981.02
"885","Australia and Oceania","East Timor","Beverages","Offline","L","12/6/2014",275632226,"1/18/2015",4556,47.45,31.79,216182.2,144835.24,71346.96
"886","Central America and the Caribbean","Haiti","Vegetables","Offline","H","10/16/2015",948607051,"11/27/2015",2761,154.06,90.93,425359.66,251057.73,174301.93
"887","Middle East and North Africa","Yemen","Cereal","Online","H","5/10/2013",785261380,"5/26/2013",5147,205.7,117.11,1058737.9,602765.17,455972.73
"888","Australia and Oceania","Tuvalu","Cereal","Online","C","3/27/2013",935644042,"5/15/2013",6719,205.7,117.11,1382098.3,786862.09,595236.21
"889","Sub-Saharan Africa","Liberia","Snacks","Offline","M","7/13/2014",370116364,"8/17/2014",4512,152.58,97.44,688440.96,439649.28,248791.68
"890","Asia","North Korea","Beverages","Online","C","8/16/2013",829352176,"8/26/2013",2594,47.45,31.79,123085.3,82463.26,40622.04
"893","Sub-Saharan Africa","Sao Tome and Principe","Cereal","Offline","M","4/27/2015",267066323,"5/19/2015",9715,205.7,117.11,1998375.5,1137723.65,860651.85
"894","Middle East and North Africa","Bahrain","Fruits","Online","M","3/14/2017",688344371,"4/28/2017",5251,9.33,6.92,48991.83,36336.92,12654.91
"896","Europe","Cyprus","Cereal","Online","C","7/13/2014",941909682,"8/1/2014",861,205.7,117.11,177107.7,100831.71,76275.99
"897","Europe","United Kingdom","Beverages","Offline","C","7/31/2016",219607102,"8/13/2016",5477,47.45,31.79,259883.65,174113.83,85769.82
"898","Europe","Germany","Personal Care","Offline","H","8/30/2010",778708636,"9/2/2010",6045,81.73,56.67,494057.85,342570.15,151487.7
"899","Middle East and North Africa","Somalia","Beverages","Online","M","4/22/2010",942700612,"6/6/2010",4915,47.45,31.79,233216.75,156247.85,76968.9
"903","Europe","Norway","Baby Food","Offline","H","8/17/2016",328236997,"9/10/2016",1476,255.28,159.42,376793.28,235303.92,141489.36
"904","Sub-Saharan Africa","Lesotho","Personal Care","Offline","C","10/22/2011",579913604,"10/23/2011",8177,81.73,56.67,668306.21,463390.59,204915.62
"908","Middle East and North Africa","Oman","Baby Food","Online","M","9/8/2015",218629920,"10/20/2015",6307,255.28,159.42,1610050.96,1005461.94,604589.02
"909","Middle East and North Africa","Oman","Baby Food","Offline","C","2/13/2016",242024362,"3/17/2016",9242,255.28,159.42,2359297.76,1473359.64,885938.12
"910","Europe","Spain","Snacks","Offline","M","2/16/2014",469283854,"2/16/2014",376,152.58,97.44,57370.08,36637.44,20732.64
"911","Middle East and North Africa","Afghanistan","Fruits","Online","C","4/22/2013",967644727,"4/30/2013",6433,9.33,6.92,60019.89,44516.36,15503.53
"913","Europe","Iceland","Vegetables","Online","M","3/7/2012",248178422,"3/22/2012",365,154.06,90.93,56231.9,33189.45,23042.45
"914","Asia","Myanmar","Vegetables","Offline","L","1/14/2013",416386401,"2/16/2013",6844,154.06,90.93,1054386.64,622324.92,432061.72
"915","Europe","Netherlands","Snacks","Offline","L","5/22/2017",927766072,"6/20/2017",5453,152.58,97.44,832018.74,531340.32,300678.42
"916","Europe","Slovakia","Vegetables","Online","M","3/23/2015",401116263,"3/31/2015",8071,154.06,90.93,1243418.26,733896.03,509522.23
"917","Middle East and North Africa","Bahrain","Fruits","Offline","H","9/28/2012",675548303,"11/6/2012",8610,9.33,6.92,80331.3,59581.2,20750.1
"918","Sub-Saharan Africa","Lesotho","Baby Food","Online","L","6/6/2013",960486018,"7/4/2013",8012,255.28,159.42,2045303.36,1277273.04,768030.32
"919","Central America and the Caribbean","Cuba","Clothes","Offline","L","4/2/2014",985665738,"5/19/2014",9250,109.28,35.84,1010840,331520,679320
"920","Middle East and North Africa","Afghanistan","Clothes","Offline","C","1/13/2017",551136291,"1/13/2017",2331,109.28,35.84,254731.68,83543.04,171188.64
"921","Australia and Oceania","Vanuatu","Cereal","Online","L","2/3/2017",877259004,"2/16/2017",9289,205.7,117.11,1910747.3,1087834.79,822912.51
"922","Asia","Bhutan","Beverages","Offline","M","8/5/2014",554707705,"9/19/2014",9192,47.45,31.79,436160.4,292213.68,143946.72
"923","Australia and Oceania","Palau","Cereal","Offline","L","10/6/2010",494468724,"10/23/2010",3139,205.7,117.11,645692.3,367608.29,278084.01
"924","Asia","Indonesia","Personal Care","Online","H","9/10/2011",777840888,"10/23/2011",9259,81.73,56.67,756738.07,524707.53,232030.54
"925","Europe","Andorra","Baby Food","Offline","C","12/12/2016",206435525,"1/27/2017",7714,255.28,159.42,1969229.92,1229765.88,739464.04
"928","North America","Mexico","Baby Food","Online","H","8/17/2013",434355056,"9/28/2013",4168,255.28,159.42,1064007.04,664462.56,399544.48
"929","Europe","Macedonia","Fruits","Offline","M","8/7/2011",716202867,"9/20/2011",9199,9.33,6.92,85826.67,63657.08,22169.59
"930","Central America and the Caribbean","Panama","Personal Care","Online","H","5/22/2016",606017291,"6/12/2016",2838,81.73,56.67,231949.74,160829.46,71120.28
"931","Asia","Nepal","Cereal","Offline","H","1/13/2015",677284657,"1/15/2015",2436,205.7,117.11,501085.2,285279.96,215805.24
"932","Asia","Nepal","Fruits","Online","C","7/22/2014",673803794,"7/29/2014",2371,9.33,6.92,22121.43,16407.32,5714.11
"933","Sub-Saharan Africa","Mauritius ","Cereal","Offline","C","6/25/2015",859686028,"7/10/2015",9055,205.7,117.11,1862613.5,1060431.05,802182.45
"934","Sub-Saharan Africa","Sao Tome and Principe","Clothes","Online","H","8/10/2015",669355189,"9/26/2015",5930,109.28,35.84,648030.4,212531.2,435499.2
"935","Central America and the Caribbean","Saint Vincent and the Grenadines","Fruits","Offline","L","10/19/2013",957547605,"11/21/2013",8470,9.33,6.92,79025.1,58612.4,20412.7
"936","Asia","Maldives","Personal Care","Online","M","10/9/2013",849312102,"11/23/2013",9180,81.73,56.67,750281.4,520230.6,230050.8
"937","Sub-Saharan Africa","Swaziland","Personal Care","Offline","H","9/26/2012",890010011,"10/14/2012",2595,81.73,56.67,212089.35,147058.65,65030.7
"938","Middle East and North Africa","Morocco","Cereal","Online","H","10/2/2012",795315158,"10/26/2012",284,205.7,117.11,58418.8,33259.24,25159.56
"939","Asia","Maldives","Clothes","Offline","M","12/11/2016",801213872,"1/28/2017",5844,109.28,35.84,638632.32,209448.96,429183.36
"940","Sub-Saharan Africa","Zimbabwe","Fruits","Offline","C","7/26/2010",314004981,"8/9/2010",9907,9.33,6.92,92432.31,68556.44,23875.87
"941","Asia","India","Cereal","Online","C","3/27/2010",160299813,"4/6/2010",5132,205.7,117.11,1055652.4,601008.52,454643.88
"942","Asia","Tajikistan","Beverages","Offline","C","9/11/2014",337022197,"9/22/2014",1212,47.45,31.79,57509.4,38529.48,18979.92
"943","Sub-Saharan Africa","Lesotho","Snacks","Offline","M","3/9/2016",461408460,"3/15/2016",9872,152.58,97.44,1506269.76,961927.68,544342.08
"945","Central America and the Caribbean","Trinidad and Tobago","Snacks","Offline","L","10/31/2014",723680436,"12/20/2014",1978,152.58,97.44,301803.24,192736.32,109066.92
"946","Australia and Oceania","Tuvalu","Fruits","Offline","L","2/23/2013",447601306,"3/11/2013",4028,9.33,6.92,37581.24,27873.76,9707.48
"947","Middle East and North Africa","Iraq","Clothes","Offline","L","10/25/2010",191256368,"11/9/2010",5864,109.28,35.84,640817.92,210165.76,430652.16
"948","Sub-Saharan Africa","The Gambia","Vegetables","Offline","L","10/4/2016",823444449,"10/30/2016",4366,154.06,90.93,672625.96,397000.38,275625.58
"949","Middle East and North Africa","Bahrain","Beverages","Online","C","9/4/2010",133276879,"10/17/2010",8445,47.45,31.79,400715.25,268466.55,132248.7
"954","Middle East and North Africa","Qatar","Clothes","Offline","C","11/22/2011",687875735,"12/2/2011",6571,109.28,35.84,718078.88,235504.64,482574.24
"955","Central America and the Caribbean","Saint Kitts and Nevis ","Clothes","Offline","H","9/8/2013",872412145,"9/25/2013",4995,109.28,35.84,545853.6,179020.8,366832.8
"956","Sub-Saharan Africa","Sierra Leone","Fruits","Offline","C","4/23/2012",627122199,"4/29/2012",8250,9.33,6.92,76972.5,57090,19882.5
"957","Europe","Russia","Fruits","Online","M","2/14/2011",103617227,"3/12/2011",1495,9.33,6.92,13948.35,10345.4,3602.95
"958","Europe","Lithuania","Vegetables","Offline","M","10/6/2010",423821055,"10/22/2010",6923,154.06,90.93,1066557.38,629508.39,437048.99
"959","Europe","United Kingdom","Vegetables","Online","L","12/8/2012",529970014,"1/3/2013",8759,154.06,90.93,1349411.54,796455.87,552955.67
"960","Asia","Indonesia","Personal Care","Offline","H","8/17/2016",334612929,"10/3/2016",8256,81.73,56.67,674762.88,467867.52,206895.36
"961","Asia","Mongolia","Beverages","Offline","M","4/23/2014",270611131,"5/24/2014",8702,47.45,31.79,412909.9,276636.58,136273.32
"965","Middle East and North Africa","Lebanon","Beverages","Online","M","6/21/2013",296320855,"7/13/2013",6781,47.45,31.79,321758.45,215567.99,106190.46
"967","Central America and the Caribbean","Haiti","Snacks","Online","M","2/1/2011",644670712,"3/21/2011",1245,152.58,97.44,189962.1,121312.8,68649.3
"969","Middle East and North Africa","Syria","Vegetables","Offline","M","6/24/2015",433871400,"7/1/2015",1044,154.06,90.93,160838.64,94930.92,65907.72
"970","Asia","Laos","Snacks","Offline","M","1/3/2012",232389438,"1/8/2012",8054,152.58,97.44,1228879.32,784781.76,444097.56
"971","Central America and the Caribbean","Saint Kitts and Nevis ","Cereal","Offline","H","2/21/2016",708063542,"3/19/2016",592,205.7,117.11,121774.4,69329.12,52445.28
"972","Sub-Saharan Africa","Sudan","Vegetables","Offline","H","12/4/2016",817192542,"12/22/2016",4288,154.06,90.93,660609.28,389907.84,270701.44
"974","Asia","Brunei","Clothes","Offline","H","8/6/2011",612573039,"8/9/2011",2830,109.28,35.84,309262.4,101427.2,207835.2
"975","Middle East and North Africa","Jordan","Clothes","Online","M","8/12/2011",812984693,"8/22/2011",9092,109.28,35.84,993573.76,325857.28,667716.48
"978","Middle East and North Africa","Bahrain","Beverages","Offline","M","2/28/2017",886628711,"3/31/2017",1993,47.45,31.79,94567.85,63357.47,31210.38
"979","Sub-Saharan Africa","Burundi","Beverages","Online","C","12/8/2011",312559163,"12/16/2011",2057,47.45,31.79,97604.65,65392.03,32212.62
"980","Europe","Austria","Cereal","Online","L","8/18/2014",753585135,"9/13/2014",1443,205.7,117.11,296825.1,168989.73,127835.37
"981","Australia and Oceania","Fiji","Beverages","Offline","H","4/19/2016",448817956,"4/22/2016",4062,47.45,31.79,192741.9,129130.98,63610.92
"982","Australia and Oceania","Fiji","Clothes","Offline","M","11/6/2012",407681453,"12/24/2012",856,109.28,35.84,93543.68,30679.04,62864.64
"983","Europe","Switzerland","Snacks","Online","H","5/27/2016",359911954,"6/23/2016",4800,152.58,97.44,732384,467712,264672
"985","Sub-Saharan Africa","Comoros","Personal Care","Offline","H","12/31/2014",864981782,"2/11/2015",6186,81.73,56.67,505581.78,350560.62,155021.16
"987","Asia","Mongolia","Clothes","Offline","H","9/23/2016",308168065,"10/18/2016",2633,109.28,35.84,287734.24,94366.72,193367.52
"989","Europe","Monaco","Snacks","Offline","M","12/27/2012",858611428,"1/9/2013",1057,152.58,97.44,161277.06,102994.08,58282.98
"990","Australia and Oceania","Fiji","Cereal","Online","L","3/10/2017",903278148,"4/3/2017",8932,205.7,117.11,1837312.4,1046026.52,791285.88
"991","Sub-Saharan Africa","Mali","Beverages","Online","L","3/17/2012",410452497,"3/26/2012",870,47.45,31.79,41281.5,27657.3,13624.2
"992","Sub-Saharan Africa","Liberia","Cereal","Offline","H","12/17/2015",642683303,"1/20/2016",3126,205.7,117.11,643018.2,366085.86,276932.34
"993","Europe","Switzerland","Beverages","Offline","L","2/18/2017",682831895,"3/16/2017",3987,47.45,31.79,189183.15,126746.73,62436.42
"994","Australia and Oceania","Samoa ","Baby Food","Online","L","11/5/2016",584072101,"11/5/2016",8769,255.28,159.42,2238550.32,1397953.98,840596.34
"996","Middle East and North Africa","Azerbaijan","Snacks","Offline","C","4/18/2010",534085166,"4/25/2010",6524,152.58,97.44,995431.92,635698.56,359733.36
"997","Europe","Georgia","Baby Food","Offline","H","8/1/2011",590768182,"9/7/2011",288,255.28,159.42,73520.64,45912.96,27607.68
"998","Middle East and North Africa","United Arab Emirates","Vegetables","Online","C","5/12/2011",524363124,"6/28/2011",9556,154.06,90.93,1472197.36,868927.08,603270.28
"1000","Europe","Portugal","Cereal","Offline","C","4/10/2014",811546599,"5/8/2014",3528,205.7,117.11,725709.6,413164.08,312545.52
